platform,type,keyword,video_id,title,description,upload_date,channel_name,channel_id,uploader_id,duration,view_count,url,label
youtube,shorts,cam káº¿t khá»i bá»‡nh,bE0mA6c8J6Y,70% ngÆ°á»i nhiá»…m HIV táº¡i Viá»‡t Nam khÃ´ng cÃ²n nguy cÆ¡ lÃ¢y HIV | VTV24,"70% ngÆ°á»i nhiá»…m HIV á»Ÿ Viá»‡t Nam khÃ´ng cÃ²n kháº£ nÄƒng lÃ¢y nhiá»…m HIV vÃ¬ lÆ°á»£ng virus trong mÃ¡u ráº¥t tháº¥p, khÃ´ng cÃ³ nguy cÆ¡ lÃ¢y nhiá»…m HIV
----------
ÄoÌ‚Ì€ng haÌ€nh cuÌ€ng VTV Digital taÌ£i:

UÌ›Ìng duÌ£ng VTVgo
Android: https://bit.ly/305aQLs
iOS: https://apple.co/3g8yMTS
hoaÌ£Ì†c xem truÌ›Ì£c tieÌ‚Ìp treÌ‚n https://vtvgo.vn/

BaÌo Ä‘ieÌ£Ì‚n tuÌ›Ì‰: https://VTV.vn

Fanpage:
Tin tuÌ›Ìc, XaÌƒ hoÌ£Ì‚i: https://fb.com/tintucvtv24
ChuyeÌ‚n trang TaÌ€i ChiÌnh: https://fb.com/VTVMoney
BaÌo Ä‘ieÌ£Ì‚n tuÌ›Ì‰ VTV: https://fb.com/baodientuvtv

Youtube: https://youtube.com/vtv24
Zalo: https://zalo.me/1571891271885013375
Instagram: https://instagram.com/vtv24news/
Tiktok: tiktok.com/@vtv24news
Twitter: https://twitter.com/vtvdigitalnews
#VTVDigital #Tintuc",2023-08-30,VTV24,UCabsTV34JwALXKGMqHpvUiA,@vtv24,42,96563,https://www.youtube.com/watch?v=bE0mA6c8J6Y,medical_misinformation
youtube,shorts,cam káº¿t khá»i bá»‡nh,cam káº¿t khá»i bá»‡nh,cam káº¿t khá»i bá»‡nh,,,,,,,,ytsearch50:cam káº¿t khá»i bá»‡nh,medical_misinformation
youtube,shorts,cam káº¿t khá»i bá»‡nh,M3aTkbdh20U,"U60 Bá»‹ ThoÃ¡t Vá»‹ ÄÄ©a Äá»‡m, Thá»­ Ngay BÃ i Trá»‹ Liá»‡u Sau #shorts","U60 Bá»‹ ThoÃ¡t Vá»‹ ÄÄ©a Äá»‡m, Thá»­ Ngay BÃ i Trá»‹ Liá»‡u Sau #shorts",2024-06-18,Kim Ba Yoga,UCVAlCAxsdAXrYoTnU90BJYQ,@dangkimba,44,159943,https://www.youtube.com/watch?v=M3aTkbdh20U,medical_misinformation
youtube,shorts,cam káº¿t khá»i bá»‡nh,NsIeNpKLyrY,Thá»­ ThÃ¡ch 1 NgÃ y Giáº£m 1 Kg VÃ  CÃ¡i Káº¿t Cháº¥n Äá»™ng ! #shorts || Yáº¿n Ná»“i CÆ¡m Äiá»‡n,"GhÃ© ThÄƒm Shop Cá»§a Yáº¿n toÃ n Ä‘á»“ háº¥p dáº«n nÃ¨: https://yen09082001.kol.eco/
Má»i ngÆ°á»i Æ¡i ! á»§ng há»™ vÃ  Ä‘Äƒng kÃ­ giÃºp Yáº¿n mau sá»›m Ä‘áº¡t 1,5tr subscribe vá»›i áº¡ Ä‘á»ƒ Yáº¿n cÃ³ thÃªm nhiá»u Ä‘á»™ng lá»±c lÃ m cÃ¡c video hay hÆ¡n !! cáº£m Æ¡n má»i ngÆ°á»i !
Thá»­ ThÃ¡ch 1 NgÃ y Giáº£m 1 Kg VÃ  CÃ¡i Káº¿t Cháº¥n Äá»™ng ! #shorts || Yáº¿n Ná»“i CÆ¡m Äiá»‡n

LiÃªn Há»‡ Há»£p TÃ¡c: bookingyenncd9319@gmail.com or 0935499307 (Ms. Rose)

#yennoicomdien #yenncd #yenthichreview

Follow Yáº¿n nha:
Youtube Yáº¿n Ná»“i CÆ¡m Äiá»‡n: https://popsww.com/YenNoiComDien
Tiktok Yáº¿n Ná»“i CÆ¡m Äiá»‡n: https://www.tiktok.com/@yennoicomdien?
Youtube Yáº¿n ThÃ­ch Review:
https://www.youtube.com/channel/UCGJHY8Q9TMIfIlprV32cNXQ/featured
Tiktok Yáº¿n ThÃ­ch Review: https://www.tiktok.com/@yenncd_review?lang=vi-VN
Facebook:https://www.facebook.com/NBHY17982001
Group Gia ÄÃ¬nh Yáº¿n Ná»“i CÆ¡m Äiá»‡n ğŸ¤¡ https://www.facebook.com/groups/1108852636190392/?ref=share

** Náº¿u cÃ³ báº¥t kÃ¬ váº¥n Ä‘á» nÃ o liÃªn quan Ä‘áº¿n báº£n quyá»n, vui lÃ²ng gá»­i mÃ¬nh email phÃ­a trÃªn Ä‘á»ƒ mÃ¬nh cÃ¹ng nhau thá»‘ng nháº¥t cÃ¡ch giáº£i quyáº¿t. Cáº£m Æ¡n sá»± há»£p tÃ¡c tá»« báº¡n !!
Â© Báº£n quyá»n thuá»™c vá» Yáº¿n Ná»“i CÆ¡m Äiá»‡n
Â© Copyright Yáº¿n Ná»“i CÆ¡m Äiá»‡n & Do not Reup",2022-12-29,Yáº¿n Ná»“i CÆ¡m Äiá»‡n,UC7E8Pnn_Dt9SVpVsE7LDnfw,@yennoicomdien,54,23355685,https://www.youtube.com/watch?v=NsIeNpKLyrY,medical_misinformation
youtube,shorts,cam káº¿t khá»i bá»‡nh,O6-NFeJDQoc,Khi ngÆ°á»i yÃªu vÃ  báº¡n thÃ¢n Äƒn thá»«a kiá»ƒu #Shorts,"ChÃ o má»«ng má»i ngÆ°á»i Ä‘Ã£ trá»Ÿ láº¡i kÃªnh youtube cá»§a mÃ¬nh ğŸ˜†
Ráº¥t vui Ä‘Æ°á»£c gáº·p láº¡i cÃ¡c báº¡n ğŸ’•, Ä‘á»«ng quÃªn like, Ä‘Äƒng kÃ­ vÃ  báº¥m chuÃ´ng á»§ng há»™ Äáº¡t trong cÃ¡c video tiáº¿p theo nhÃ© â¤ï¸ 
Theo dÃµi Äáº¡t trÃªn:
ğŸ”¹ TikTok: https://www.tiktok.com/@datdo0803
ğŸ”¹ Facebook: https://www.facebook.com/dodat0803
ğŸ”¹ Fanpage: https://www.facebook.com/datdo0803
ğŸ“© Contact for works: dodatofficial@gmail.com

#dodatofficial #dodat #dodattiktok #tiktok #dotiendat #giaitri #haihuoc #shorts 
----------------------/----------------------
Â© Báº£n quyá»n thuá»™c vá» Äá»— Äáº¡t Official
Â© Copyright by Äá»— Äáº¡t Official â˜ Do not Reup",2023-04-27,Äá»— Äáº¡t Official,UCwn96A46mCiH1caoMhWfyBQ,@datdo0803,51,21220175,https://www.youtube.com/watch?v=O6-NFeJDQoc,medical_misinformation
youtube,shorts,cam káº¿t khá»i bá»‡nh,QfdzHK7Bf20,Chá»‰ sá»‘ Ä‘Æ°á»ng huyáº¿t bao nhiÃªu cáº£nh bÃ¡o bá»‡nh tiá»ƒu Ä‘Æ°á»ng? | Dr Ngá»c #shorts #short #drngoc,"HÃ£y Ä‘Äƒng kÃ½ kÃªnh cá»§a Dr Ngá»c Ä‘á»ƒ theo dÃµi cÃ¡c video sau: https://drngoc.vn/youtube

------------------------------------------------------
LiÃªn há»‡ TÆ° Váº¥n:
ğŸ”µ Zalo: https://drngoc.vn/tuvan
ğŸ”µ Mes: http://m.me/drngoclaser.vn
------------------------------------------------------
CÃC TRANG CHÃNH THá»¨C Cá»¦A Dr NGá»ŒC
ğŸ‘‰ Fanpage: https://drngoc.vn/fanpage
ğŸ‘‰ TikTok: https://drngoc.vn/tiktok
ğŸ‘‰ Website: https://drngoc.vn
ğŸ‘‰ Zalo Official: https://zalo.me/3537479183397239216
------------------------------------------------
Â© Báº£n quyá»n thuá»™c vá» Dr Ngoc Official
Â© Copyright by Dr Ngoc Official â˜ Do not Reup",2024-03-03,Dr Ngá»c Official ,UCYO8RPtaJnD2bxC8CZl1_PA,@DrNgocOfficial,50,216380,https://www.youtube.com/watch?v=QfdzHK7Bf20,medical_misinformation
youtube,shorts,cam káº¿t khá»i bá»‡nh,QLIf4WdElPI,Hay cháº£y mÃ¡u cam cáº£nh bÃ¡o cÆ¡ thá»ƒ Ä‘ang thiáº¿u cháº¥t gÃ¬? | BÃ¡o Lao Äá»™ng,"BÃO LAO Äá»˜NG | ThÆ°á»ng xuyÃªn cháº£y mÃ¡u cam cÃ³ thá»ƒ lÃ  dáº¥u hiá»‡u cáº£nh bÃ¡o viá»‡c cÆ¡ thá»ƒ Ä‘ang bá»‹ thiáº¿u há»¥t má»™t loáº¡i vitamin.

Má»i quÃ½ vá»‹ vÃ  cÃ¡c báº¡n xem thÃªm: https://laodong.vn/media
â”€â”€â”€â”€â”€â”€â”€â”€â”€â”€â”€â”€â”€â”€â”€â”€â”€â”€â”€â”€â”€â”€â”€â”€â”€â”€â”€â”€â”€â”€
Báº£n quyá»n thuá»™c BÃ¡o Lao Äá»™ng â€“ CÆ¡ quan cá»§a Tá»•ng LiÃªn Ä‘oÃ n Lao Ä‘á»™ng Viá»‡t Nam.
* Website: https://laodong.vn
* ÄÆ°á»ng dÃ¢y nÃ³ng: 096 838 3388
* Email: baolaodongdientu@gmail.com
* Fanpage: https://www.facebook.com/LaoDongTVOnline/

#baolaodong #bld",2024-11-19,BÃ¡o Lao Äá»™ng,UCr8i-5AIxdiJbI0HdGdUzIA,@LaoDongTVOnline,55,25580,https://www.youtube.com/watch?v=QLIf4WdElPI,medical_misinformation
youtube,shorts,cam káº¿t khá»i bá»‡nh,QO-oKyGUEHk,báº¥t ngá» xuáº¥t hiá»‡n vá»‹ tháº§y láº¡ cam káº¿t chá»¯a bá»‡nh cho anh SÆ¡n 3 ngÃ y sáº½ khá»i,,2025-12-12,SÃ³c Ghe Ngo 83,UCHQOdVYYEyO6KDXdkgEi9hg,@socghengo83,22,38721,https://www.youtube.com/watch?v=QO-oKyGUEHk,medical_misinformation
youtube,shorts,cam káº¿t khá»i bá»‡nh,VTnJnUuttpg,"xe khÃ´ng chÃ­nh chá»§, mua bÃ¡n qua nhiá»u Ä‘á»i váº«n Ä‘Æ°á»£c sang tÃªn, #xuhuong #pvtamnguyen #tiktoknews #bien","xe khÃ´ng chÃ­nh chá»§, mua bÃ¡n qua nhiá»u Ä‘á»i váº«n Ä‘Æ°á»£c sang tÃªn, #xuhuong #pvtamnguyen #tiktoknews #biensodinhdanh #xemaycu, #sangtenxe,#dangkyxe,#cavetxe, #oto, #xemay, #uyquenxe, #shorst 
----------
ÄÄ‚NG KÃ DÃ™NG THá»¬ PHáº¦N Má»€M:  https://easyinvoices.vn/bang-gia-chu-ky-so/
----------
ÄÄ‚NG KÃ  LÃ€M Äáº I LÃ: https://easyinvoices.vn/dang-ky-lam-dai-ly/
----------
KÃŠNH TÆ¯ Váº¤N VÃ€ Há»– TRá»¢ KHÃCH HÃ€NG Cá»¦A EASYINVOICES
- TÆ° váº¥n hÃ³a Ä‘Æ¡n Ä‘iá»‡n tá»­: 0962583777 - 0888162656
- Há»— trá»£ ká»¹ thuáº­t vÃ  CSKH: 1900 56 56 53 -  0964263333
KÃŠNH CUNG Cáº¤P THÃ”NG TIN Má»šI NHáº¤T Vá»€ THUáº¾, Káº¾ TOÃN
 Website: https://easyinvoices.vn/
                  https://phanmembaohiemxahoi.com/
                  https://phanmembaohiem.com/

- NhÃ³m cá»™ng Ä‘á»“ng sá»­ dá»¥ng hÃ³a Ä‘Æ¡n Ä‘iá»‡n tá»­, chá»¯ kÃ½ sá»‘ vÃ  pháº§n má»m báº£o hiá»ƒm xÃ£ há»™i: https://www.facebook.com/groups/800142297731231
- Trang Fanpage: https://fb.watch/lZI5ezAmSG/
- Zalo: 096 426 3333",2023-09-12,Sá»‘ HÃ³a Doanh Nghiá»‡p,UC4vIl1vL0meY4c4tV_wx5cQ,@linkensohoadoanhnghiep,42,2316999,https://www.youtube.com/watch?v=VTnJnUuttpg,medical_misinformation
youtube,shorts,cam káº¿t khá»i bá»‡nh,YRZX1KlYe9E,"CÃ¡ch thÃ´ng mÅ©i khi bá»‹ ngháº¹t, cháº£y mÅ©i.","#chiase #chaymui #phongbenh #drphanhongson

HÃ£y Ä‘Äƒng kÃ½ kÃªnh Dr Phan Há»“ng SÆ¡n Official Ä‘á»ƒ nháº­n Ä‘Æ°á»£c video má»›i ngay láº­p tá»©c.

Káº¿t ná»‘i vá»›i Dr Phan Há»“ng SÆ¡n:
Zalo: 0916225707
Mail: hongson790@gmail.com
Facebook: https://www.facebook.com/son790
Page: https://www.facebook.com/Dr.phanhongson",2021-08-19,Dr Phan Há»“ng SÆ¡n,UC2O5WFhgi1QetFJYj_8phmQ,,23,737065,https://www.youtube.com/watch?v=YRZX1KlYe9E,medical_misinformation
youtube,shorts,cam káº¿t khá»i bá»‡nh,Z2Y3UCQ7bWw,"CÄƒn Bá»‡nh Tháº§n Kinh Hay Gáº·p NhÆ°ng Láº¡i Dá»… Nháº§m Vá»›i Bá»‡nh Tim Máº¡ch, Bá»‡nh TiÃªu HÃ³a | SKÄS #shorts","SKÄS | CÄƒn Bá»‡nh Tháº§n Kinh Hay Gáº·p NhÆ°ng Láº¡i Dá»… Nháº§m Vá»›i Bá»‡nh Tim Máº¡ch, Bá»‡nh TiÃªu HÃ³a
#roiloanthankinhthucvat #hoihoptrongnguc #huyetapthatthuong # huthoi #bunrunchantay #mohoitrom #bshoangoxy #oxycaoap 
Video Ä‘Æ°á»£c thá»±c hiá»‡n bá»Ÿi BÃ¡c sÄ© Nguyá»…n Huy HoÃ ng - Trung tÃ¢m oxy cao Ã¡p Viá»‡t - Nga

Má»i quÃ½ vá»‹ vÃ  cÃ¡c báº¡n xem thÃªm: 

ğŸ”†NÃºt SHARE cá»§a báº¡n giá» Ä‘Ã¢y ráº¥t há»¯u Ã­ch 
--------------------
ğŸ‘BÃ¡o Sá»©c khá»e vÃ  Äá»i sá»‘ng â€“ CÆ¡ quan ngÃ´n luáº­n cá»§a Bá»™ Y táº¿
ğŸ–¥Website: http://suckhoedoisong.vn/
ğŸ’» FanPage: https://www.facebook.com/baosuckhoevadoisong/
ğŸ’»Youtube: https://bit.ly/Baosuckhoevadoisong
ğŸ’»Tiktok: https://bit.ly/3hOWND9

#skds #suckhoedoisong",2023-11-01,BÃ¡o Sá»©c khá»e & Äá»i sá»‘ng,UCD09NCZlzMj4yGvGkLbuBpw,@BaoSuckhoedoisongboyte,38,252817,https://www.youtube.com/watch?v=Z2Y3UCQ7bWw,medical_misinformation
youtube,shorts,chá»¯a khá»i 100%,-qIAYFx50EM,CHá»®A Bá»†NH TRÄ¨ KHá»I Háº²N 100% KHÃ”NG TÃI Láº I CÃ¢y Chá»¯a Bá»‡nh Chá»¯a Bá»‡nh trÄ© ná»™i trÄ© ngoáº¡i  #Shorts#,"CÃC LOáº I CÃ‚Y CHá»®A Bá»†NH Táº I VN CÃ‚Y CHá»®A Bá»†NH Sá»¨C KHá»E Má»–I NGÃ€Y CÃ‚Y THUá»C QUÃ CÃ‚Y CHá»®A Bá»†NH #Shorts#
Quáº£ Khá»•ng Lá»“ KÃªnh Tá»•ng Há»£p CÃ¡c Loáº¡i Quáº£ Khá»•ng Lá»“ cÃ¡c loáº¡i cÃ´n trÃ¹ng Ä‘á»™ng váº­t Khá»•ng Lá»“#Shorts#",2021-09-07,Tin Tá»•ng Há»£p Tin Má»›i HÃ ng NgÃ y,UCJT-A-5sTI1J7SwALfAkTGQ,@tintonghoptinmoihangngay5671,55,34300,https://www.youtube.com/watch?v=-qIAYFx50EM,medical_misinformation
youtube,shorts,chá»¯a khá»i 100%,33sqrpvf99s,Máº¹o Háº¿t Ngháº¹t MÅ©i Chá»‰ Trong 10s KhÃ´ng Bao Giá» TÃ¡i Láº¡i | DÆ°á»£c SÄ© Tá»‘ng Äá»©c #Shorts,"ChÃ o má»«ng QuÃ½ anh chá»‹ vÃ  cÃ¡c báº¡n Ä‘Ã£ Ä‘áº¿n vá»›i kÃªnh youtube chÃ­nh thá»©c cá»§a DÆ°á»£c SÄ© Tá»‘ng Äá»©c. 

KÃªnh Youtube lÃ  gÃ³c chia sáº» nhá»¯ng kiáº¿n thá»©c chÄƒm sÃ³c sá»©c khá»e, sá»‘ng khá»e, kiáº¿n thá»©c y khoa, y dÆ°á»£c nhanh nháº¥t vÃ  chÃ­nh xÃ¡c nháº¥t giÃºp cho cá»™ng Ä‘á»“ng cÃ³ kháº£ nÄƒng tá»± chÄƒm sÃ³c sá»©c khá»e, Ä‘iá»u trá»‹ vÃ  chá»¯a cÃ¡c bá»‡nh thÆ°á»ng gáº·p hÃ ng ngÃ y.

Trong quÃ¡ trÃ¬nh chia sáº» kiáº¿n thá»©c vá» chÄƒm sÃ³c sá»©c khá»e, sá»‘ng khá»e, sá»­ dá»¥ng cÃ¡c loáº¡i dÆ°á»£c pháº©m Ä‘á»ƒ Ä‘iá»u trá»‹ vÃ  phÃ²ng chá»‘ng bá»‡nh lÃ½ sáº½ cÃ³ trÆ°á»ng há»£p khÃ´ng Ä‘Æ°á»£c phÃ¹ há»£p vÃ¬ liÃªn quan Ä‘áº¿n cÆ¡ Ä‘á»‹a, tÃ¬nh tráº¡ng giai Ä‘oáº¡n cá»§a bá»‡nh lÃ½. 

Do váº­y, quÃ½ khÃ¡n giáº£ theo dÃµi muá»‘n biáº¿t chÃ­nh xÃ¡c tÃ¬nh tráº¡ng vÃ  giai Ä‘oáº¡n bá»‡nh lÃ½ cá»§a mÃ¬nh thÃ¬ hÃ£y Ä‘áº¿n cÆ¡ sá»Ÿ y táº¿ gáº§n nháº¥t Ä‘á»ƒ khÃ¡m vÃ  nháº­n Ä‘Æ°á»£c phÃ¡c Ä‘á»“ Ä‘iá»u trá»‹ phÃ¹ há»£p nháº¥t.

Trong quÃ¡ trÃ¬nh sáº£n xuáº¥t ná»™i dung Tá»‘ng Äá»©c ráº¥t mong nháº­n Ä‘Æ°á»£c cÃ¡c Ä‘Ã³ng gÃ³p cá»§a quÃ½ khÃ¡n giáº£ cÃ³ chuyÃªn mÃ´n (Ä‘á»“ng nghiá»‡p) vÃ  khÃ¡n giáº£ Ä‘ang gáº·p tÃ¬nh tráº¡ng bá»‡nh lÃ½ Ä‘á»ƒ Tá»‘ng Äá»©c vÃ  Ä‘á»™i ngÅ© cÃ³ thá»ƒ ra Ä‘Æ°á»£c nhá»¯ng ná»™i dung chÃ­nh xÃ¡c vÃ  ká»‹p thá»i cáº£nh bÃ¡o Ä‘áº¿n cá»™ng Ä‘á»“ng cÅ©ng nhÆ° há»— trá»£ cÃ¡ nhÃ¢n khÃ¡n giáº£ Ä‘ang gáº·p pháº£i.

Theo dÃµi dÆ°á»£c sÄ© Tá»‘ng Äá»©c táº¡i: 

ğŸ‘‰ Youtube: https://bit.ly/3Azi4cy
ğŸ‘‰ Tiktok: https://bit.ly/3Gxd4J7
ğŸ‘‰ Facebook: https://bit.ly/3i1r6ID

Báº£n quyá»n thuá»™c vá» Leanup Media. 
Nguá»“n video: Sá»­ dá»¥ng nguá»“n tá»•ng há»£p theo luáº­t Fair use Youtube. Náº¿u báº¡n váº«n tháº¥y vi pháº¡m hÃ£y liÃªn há»‡ vá»›i quáº£n trá»‹ kÃªnh Ä‘á»ƒ giáº£i quyáº¿t qua email: duchup64@gmail.com

#DuocSiTongDuc #sá»©ckhá»e #sá»‘ngkhá»e# kienthucyduoc #duocsitongduc #Tá»‘ngÄá»©ctiktok #kiáº¿nthá»©cykhoa #ChÄƒmSÃ³cSá»©cKhá»e #songkhoe #suckhoe",2021-12-03,DÆ¯á»¢C SÄ¨ Tá»NG Äá»¨C,UC1UCw4PDf0q4isk_d0Q0j9Q,@DuocSiTongDuc,27,422885,https://www.youtube.com/watch?v=33sqrpvf99s,medical_misinformation
youtube,shorts,chá»¯a khá»i 100%,5-ziYXB8uKk,Trá»‹ má»¥n Ä‘áº§u Ä‘en báº±ng chanh #shorts,"ğŸ’¥ Linh Anh Academy táº·ng MIá»„N PHÃ 10 SUáº¤T Há»ŒC TRá»°C TIáº¾P, Ä‘á»ƒ láº¡i thÃ´ng tin Ä‘Äƒng kÃ½ táº¡i: https://docs.google.com/forms/d/1Dl4TECBKi1a8q3giw0dfWQcxCZ4XpRykb3DK_EdojsU/edit
ğŸ“Œ LÆ°u Ã½: Link sáº½ tá»± Ä‘á»™ng Ä‘Ã³ng khi Ä‘á»§ sá»‘ lÆ°á»£ng há»c viÃªn. Nhanh tay Ä‘Äƒng kÃ½ hoáº·c nháº¯n tin vá» Fanpage Ä‘á»ƒ Ä‘Æ°á»£c giá»¯ chá»—: https://m.me/daotaothammy.linhanh/
------------------------------------------------------

--------------------------------------------------------------
Má»i chi tiáº¿t vá» khÃ³a há»c xin má»i liÃªn há»‡:

â›³Há»† THá»NG ÄÃ€O Táº O THáº¨M Má»¸ QUá»C Táº¾ LINH ANH
ğŸ“ŒFacebook: https://bom.so/fzjyXl
ğŸ“ŒMessenger: https://m.me/daotaothammy.linhanh/
ğŸ“ŒWebsite: https://linhanhacademy.edu.vn/
ğŸ“ŒYoutube: https://bom.so/FVClLp
â˜ï¸ Hotline: 0905 399 666 - 0972623333
ğŸ”± Äá»‹a chá»‰ cÆ¡ sá»Ÿ 1: KÄT Váº¡n PhÃºc 26 ÄÆ°á»ng Nguyá»…n Thá»‹ Nhung, Hiá»‡p BÃ¬nh PhÆ°á»›c, Thá»§ Äá»©c, Tp. HCM
ğŸ”± Äá»‹a chá»‰ cÆ¡ sá»Ÿ 2: Sá»‘ 1063 CÃ¡ch Máº¡ng ThÃ¡ng 8 - PhÆ°á»ng ChÃ¡nh NghÄ©a - Tp. Thá»§ Dáº§u Má»™t - BÃ¬nh DÆ°Æ¡ng 
ğŸ”± Äá»‹a chá»‰ cÆ¡ sá»Ÿ 3: 136 Hai BÃ  TrÆ°ng - PhÆ°á»ng 6 - Tp. ÄÃ  Láº¡t
----------------.----------------.---------------
#hocspa
#hocthammy
#thammylinhanh",2022-09-20,TrÆ°á»ng ÄÃ o Táº¡o Tháº©m Má»¹ Quá»‘c Táº¿ Linh Anh,UC4bjlVi3WaWh1w-GYvG1dvw,@truongaotaothammyquoctelin9044,24,121465,https://www.youtube.com/watch?v=5-ziYXB8uKk,medical_misinformation
youtube,shorts,chá»¯a khá»i 100%,9plCiJl9tAI,BÃ¡c sÄ© LÃ¢n cam káº¿t chá»¯a khá»i 100%,,2024-02-07,LÃ¢n Anh,UCyhPZPT7X9ZSQXo03xkyILg,@Bacsialan,38,273,https://www.youtube.com/watch?v=9plCiJl9tAI,medical_misinformation
youtube,shorts,chá»¯a khá»i 100%,BR5_OUPJJNU,Báº¡n Ä‘Ã£ biáº¿t cÃ¡ch chá»¯a má»¥n cÃ³c hiá»‡u quáº£ táº¡i nhÃ  chÆ°a,,2021-04-02,ASIA GROUP,UCvAtqmLOPWjCAFZ9xi-w8wA,@AsiaGroup115,41,97437,https://www.youtube.com/watch?v=BR5_OUPJJNU,medical_misinformation
youtube,shorts,chá»¯a khá»i 100%,chá»¯a khá»i 100%,chá»¯a khá»i 100%,,,,,,,,ytsearch50:chá»¯a khá»i 100%,medical_misinformation
youtube,shorts,chá»¯a khá»i 100%,DLKxDWtq3_U,chá»¯a khá»i 100%,,2021-03-30,Ä‘áº¡t MIkenco,UC4zcX54wpDGEYvrxd-83JaA,@ngansut5970,13,101,https://www.youtube.com/watch?v=DLKxDWtq3_U,medical_misinformation
youtube,shorts,chá»¯a khá»i 100%,fcguxGQQUx4,TaÌc HaÌ£i Tá»« ThuoÌ‚Ìc Trá»‹ Rá»‘i Loáº¡n CÆ°Æ¡ng DÆ°Æ¡ng LÃ  GÃ¬? Báº¡n ÄÃ£ Sá»­ Dá»¥ng ÄÃºng CÃ¡ch? #shorts #menshealth,"TaÌc HaÌ£i Tá»« ThuoÌ‚Ìc Trá»‹ Rá»‘i Loáº¡n CÆ°Æ¡ng DÆ°Æ¡ng LÃ  GÃ¬?
CÃ¹ng nghe BÃ¡c sÄ© Pháº¡m HoÃ ng VÅ© - Trung TÃ¢m Sá»©c Khoáº» Nam Giá»›i Men's Health chia sáº».

LiÃªn há»‡ hotline 0902 353 353 hoáº·c lnbox fanpage Ä‘á»ƒ Ä‘Æ°á»£c MIá»„N PHÃ tÆ° váº¥n, giáº£i Ä‘Ã¡p tháº¯c máº¯c tá»« chuyÃªn gia nam khoa.
_______________________________
Trung tÃ¢m Sá»©c khá»e Nam giá»›i MENâ€™S HEALTH
ğŸ  7B/31 ThÃ nh ThÃ¡i, P.14, Q.10, TP.HCM
â˜ï¸ 0902 353 353
ğŸŒ menhealth.vn

#TrungTamSucKhoeNamGioi #MensHealth #BacSiNamKhoa #catbaoquydau #PhongKhamNamKhoaTPHCM
#Shorts",2022-06-15,Trung tÃ¢m sá»©c khá»e Nam Giá»›i Men's Health,UCauAKzdxRkcxYTr9cWkX6Rw,@trungtamsuckhoenamgioimens7985,31,13155,https://www.youtube.com/watch?v=fcguxGQQUx4,medical_misinformation
youtube,shorts,chá»¯a khá»i 100%,Gga4jU7Fvj8,TOi cAm káº¾t chá»®A khá»i 100%  | By Cup,"Láº§n Ä‘áº§u shade máº¯t kiá»ƒu nÃ y :)
CÃ“ váºº Ä‘Æ¯á»¢c",2021-03-29,Cupi ğŸ™ˆâœ¨,UCWW-Z_jTOa_KVBJsy81os2Q,@cupi5559,16,166,https://www.youtube.com/watch?v=Gga4jU7Fvj8,medical_misinformation
youtube,shorts,chá»¯a khá»i 100%,jAourxPmm4o,Chá»¯a khá»i 100% nhe ae!,"Vitamin G# Girl xinh# Bá»• máº¯t.
Xin chÃ o má»i ngÆ°á»i Ä‘Ã£ Ä‘áº¿n vá»›i kÃªnh Thuá»‘c Bá»• Cuá»™c Sá»‘ng Cáº£m Æ¡n má»i ngÆ°á»i Ä‘Ã£ xem video.
â¤ï¸ğŸ’˜ HÃ£y xem vÃ  Ä‘Äƒng kÃ½ kÃªnh á»¦ng há»™ mÃ¬nh vá»›i má»i ngÆ°á»i. Äá»ƒ mÃ¬nh cÃ³ Ä‘á»™ng lá»±c kiáº¿m thuá»‘c bá»• cho má»i ngá»«oi hÃ ng ngÃ y áº¡.
Xin cáº£m Æ¡n!
ğŸ’•â£ï¸HÃ£y Ä‘Äƒng kÃ½ kÃªnh YouTube Thuá»‘c bá»• cuá»™c sá»‘ng Ä‘á»ƒ xem nhiá»u video nhÃ©!
https://youtube.com/channel/UCFLzGvefT_c7KSlE9eXEejw",2021-04-14,Thuá»‘c bá»• Cuá»™c sá»‘ng,UCFLzGvefT_c7KSlE9eXEejw,@thuocbocuocsong2603,15,8,https://www.youtube.com/watch?v=jAourxPmm4o,medical_misinformation
youtube,shorts,chá»¯a khá»i 100%,l1DHgpcBBCU,TÃ´i Cam Káº¿t Chá»¯a Khá»i 100%... VÃ  CÃ¡i Káº¿t Nhá»©c NÃ¡ch,TÃ´i Cam Káº¿t Chá»¯a Khá»i 100%... VÃ  CÃ¡i Káº¿t Nhá»©c NÃ¡ch,2021-03-31,Tik Tok Channel,UCZ94LSXSQSNhnmjnYxrZojg,@tiktokchannel2414,58,185,https://www.youtube.com/watch?v=l1DHgpcBBCU,medical_misinformation
youtube,shorts,chá»¯a khá»i 100%,nk8mwPkpJK4,Trá»‹ Cháº¥y (ChÃ­) Háº¿t 100% KhÃ´ng Tá»‘n Tiá»n #shorts,"â˜˜ï¸  ÄTT Thuá»· xin chÃ o cÃ¡c báº¡n
Trá»‹ Cháº¥y (ChÃ­) Háº¿t 100% KhÃ´ng Tá»‘n Tiá»n #shorts
1.CÃ¡ch trá»‹ cháº¥y (chÃ­) báº±ng háº¡t vÃ  muá»‘i
2.CÃ¡ch trá»‹ cháº¥y (chÃ­) báº±ng chanh vÃ  muá»‘i
3.CÃ¡ch trá»‹ cháº¥y (chÃ­) báº±ng giáº¥m vÃ  muá»‘i
4. CÃ¡ch trá»‹ cháº¥y (chÃ­) báº±ng rÆ°á»£u vÃ  muá»‘i
5. CÃ¡ch trá»‹ cháº¥y (chÃ­) báº±ng nÆ°á»›c Ã©p cÃ¡ chua vÃ  muá»‘i
-CÃ¡ch lÃ m nhÆ° sau:
Báº¡n dÃ¹ng há»—n há»£p nÃ y bÃ´i lÃªn tÃ³c, Ä‘á»ƒ khoáº£ng 15 â€“ 20 phÃºt rá»“i gá»™i sáº¡ch Ä‘áº§u vá»›i nÆ°á»›c. Báº¡n cÃ³ thá»ƒ láº·p láº¡i 2 Ä‘áº¿n 3 láº§n Ä‘á»ƒ Ä‘áº¡t hiá»‡u quáº£ hÆ¡n. 
ChÃºc cÃ¡c báº¡n thÃ nh cÃ´ng

â˜˜ï¸  Thuá»· muá»‘n chia sáº½ vá»›i cÃ¡c anh chá»‹ em nhá»¯ng bÃ i thuá»‘c dÃ¢n gian trong cuá»™c sá»‘ng háº±ng ngÃ y. ÄÃ´i khi nhá»¯ng bÃ i thuá»‘c dÃ¢n gian ráº¥t hiá»‡u qá»§a mÃ  chÃºng bá» quÃªn trong cuá»™c sá»‘ng hiá»‡n Ä‘áº¡i ngÃ y nay.

CÃ¡m Æ¡n cÃ¡c báº¡n Ä‘Ã£ xem video!
================================
+ Náº¿u cÃ¡c báº¡n thÃ­ch video nÃ y, hÃ£y Ä‘á»ƒ nháº¥n like, share vÃ  Ä‘á»ƒ láº¡i comment.
+ HÃ£y nháº¥n SUBSCRIBE/ÄÄ‚NG KÃ táº¡i: https://www.youtube.com/channel/UC-hU62bRsYC-kpftMiV5H0g ngay Ä‘á»ƒ theo dÃµi nhá»¯ng video má»›i nháº¥t tá»« Thá»§y nha
+ Thá»§y cáº£m Æ¡n ráº¥t nhiá»u
===============================
Chi tiáº¿t liÃªn há»‡:
YOUTUBE ÄTT Thá»§y:  https://www.youtube.com/channel/UC-hU62bRsYC-kpftMiV5H0g
â¤ï¸ Email: dttthuy79@gmail.com
â¤Facebook: https://www.facebook.com/doanthithuthuybd/
#trá»‹chÃ­ #trá»‹cháº¥y #ÄTT-Thá»§y",2021-07-23,ÄTT Thá»§y,UC-hU62bRsYC-kpftMiV5H0g,@ÄTTThuá»·,15,71572,https://www.youtube.com/watch?v=nk8mwPkpJK4,medical_misinformation
youtube,shorts,chá»¯a khá»i 100%,o0F8RTFpxkQ,cÃ¡ch trá»‹ má»¥n Ä‘áº§u Ä‘en cá»±c hiá»‡u quáº£ #duongda #lamdeptainha #goclamdep #trimun,,2022-07-25,DÃ¢u TÃ¢y Channel,UCOk5ucAFxW8JxjOM-5Rd5OA,@dautaychanel4935,18,459591,https://www.youtube.com/watch?v=o0F8RTFpxkQ,medical_misinformation
youtube,shorts,chá»¯a khá»i 100%,O9XBFWmlCLo,CÃ¡ch trá»‹ sÃ¢u rÄƒng báº±ng tá»i,,2022-08-28,Hai Tran,UCSAHy00qyHT5gVdKs2W_Hog,@HaiTran-dh6pw,48,228048,https://www.youtube.com/watch?v=O9XBFWmlCLo,medical_misinformation
youtube,shorts,chá»¯a khá»i 100%,tp9QWKnnpjg,tik tok - Ä‘áº¡i y chá»¯a khá»i 100%,,2021-03-29,THNB,UCWsLCsWeJ5oc0rUt6PpoXOw,@thnb6043,22,173,https://www.youtube.com/watch?v=tp9QWKnnpjg,medical_misinformation
youtube,shorts,chá»¯a khá»i 100%,uvNUzB6fejE,"Cam káº¿t chá»¯a khá»i, 100%",,2021-04-05,ThÃ´ng tin há»¯u Ã­ch,UCN1tmfREGBrfZu9vtVyIl_A,@thongtinhuuich7187,40,132,https://www.youtube.com/watch?v=uvNUzB6fejE,medical_misinformation
youtube,shorts,chá»¯a khá»i 100%,WaIUBVXZ1SA,Máº¹o chá»¯a náº¥c cá»¥t mÃ  Ã­t ngÆ°á»i biáº¿t Ä‘áº¿n #shorts #xuhuong #trending #viral #drvitamin,"Cháº¯c cháº¯n táº¥t cáº£ má»i ngÆ°á»i Ä‘á»u Ä‘Ã£ bá»‹ náº¥c cá»¥t rá»“i Ä‘Ãºng khÃ´ng nÃ o? CÃ³ má»™t máº¹o chá»¯a náº¥c cá»¥t mÃ  ráº¥t Ã­t ngÆ°á»i biáº¿t Ä‘áº¿n. Follow dr vitamin vÃ  cÃ¹ng tÃ¬m hiá»ƒu nhÃ©
Dr Vitamin - Chuá»—i_siÃªu_thá»‹_Vitamin_sá»‘_1_Viá»‡t_Nam 
â˜ï¸ Hotline: (+84)987.827.327
ğŸŒ Website: https://drvitamin.vn
ğŸ“§ Email: info@drvitamin.vn
ğŸ“¸ Instagram: drvitamin.vn",2023-04-05,Dr Vitamin,UCnM3eYKwzDm568xyRsMWyhw,@drvitamin2151,47,802890,https://www.youtube.com/watch?v=WaIUBVXZ1SA,medical_misinformation
youtube,shorts,chá»¯a khá»i 100%,WsKiDgrTW7Y,"MUá»N SÃNG Máº®T, Háº¾T Cáº¬N THá»Š THá»¬ NGAY CÃCH NÃ€Y","ğŸ‘‰ Sá»‘ Ä‘iá»‡n thoáº¡i tÆ° váº¥n: 090.884.9669
ğŸ‘‰ LiÃªn há»‡ ZALO: https://zalo.me/0908849669
ğŸ‘‰ ThÃ´ng tin chi tiáº¿t: https://www.bscaocapnguyenbavuong.com/
MUá»N SÃNG Máº®T, Háº¾T Cáº¬N THá»Š THá»¬ NGAY CÃCH NÃ€Y
-----------------------------------------------------------------
***LÆ°u Ã½: tÃ¡c dá»¥ng cá»§a thuá»‘c, phÆ°Æ¡ng phÃ¡p Ä‘iá»u trá»‹ cÃ³ thá»ƒ thay Ä‘á»•i tÃ¹y theo tÃ¬nh tráº¡ng thá»ƒ cháº¥t ngÆ°á»i bá»‡nh. Má»i tháº¯c máº¯c vui lÃ²ng liÃªn há»‡ vá»›i chuyÃªn gia An Cá»‘t Nam Ä‘á»ƒ cÃ³ cÃ¢u tráº£ lá»i chÃ­nh xÃ¡c nháº¥t vá»›i tá»«ng tÃ¬nh tráº¡ng bá»‡nh lÃ½. LiÃªn há»‡ 
â–ªï¸ PHÃ’NG CHáº¨N TRá»Š Y Há»ŒC Cá»” TRUYá»€N TÃ‚M MINH ÄÆ¯á»œNG 
Äá»‹a chá»‰ HÃ  Ná»™i: 138 KhÆ°Æ¡ng ÄÃ¬nh â€“ Thanh XuÃ¢n â€“ HÃ  Ná»™i Giáº¥y phÃ©p hoáº¡t Ä‘á»™ng: 595/SYT-GPHÄ 
â–ªï¸ PHÃ’NG CHáº¨N TRá»Š Y Há»ŒC Cá»” TRUYá»€N AN DÆ¯á»¢C SÃ i GÃ²n: 325/19 Ä‘Æ°á»ng Báº¡ch Äáº±ng, phÆ°á»ng 15, quáº­n BÃ¬nh Tháº¡nh, TP. Há»“ ChÃ­ Minh 
Äiá»‡n thoáº¡i/Zalo: 090.884.9669
-------------------------------------------
#sangmat #chuacanthi #ancotnam",2021-03-31,Sá»©c Khá»e XÆ°Æ¡ng Khá»›p,UC4u8xdrjM3wgZwYM8mcVpAw,@suckhoexuongkhop8780,41,168503,https://www.youtube.com/watch?v=WsKiDgrTW7Y,medical_misinformation
youtube,shorts,chá»¯a khá»i 100%,ZAu1mzZiWI4,VÅ© Ä‘iá»‡u tÃ´i cam káº¿t chá»¯a khá»i 100% | trÃ o lÆ°u cÃ¡c cá»¥ khiÃªu vÅ©,"CÃ¡c cá»¥ khiÃªu vÅ©, trends tÃ´i cÃ¢m káº¿t chá»¯a khá»i 100%",2021-04-09,Bonsai Vietnams,UC7bozzd9MItxJymwOItrHtg,@bonsaivietnams591,30,50,https://www.youtube.com/watch?v=ZAu1mzZiWI4,medical_misinformation
youtube,shorts,chá»¯a khá»i 100%,ZNHrTUQlS_0,TÃ´i cam káº¿t chá»¯a khá»i 100% pháº§n trÄƒm - VÅ© Ä‘iá»‡u bÃ  giÃ ,,2021-03-30,NTD TV,UCr6ZfDRvmDwTcS_TNZGegxw,@ntdtv4105,22,2789,https://www.youtube.com/watch?v=ZNHrTUQlS_0,medical_misinformation
youtube,shorts,chá»¯a khá»i 100%,Zu0IEHvu0PE,Chá»¯a khá»i 100%,,2021-07-18,KhÃ¡nh ToÃ n BÃ­t TV PARODY,UCsX8S-GmUZDeQrVrt75Jt_A,@khanhtoanbittvparody7754,27,50,https://www.youtube.com/watch?v=Zu0IEHvu0PE,medical_misinformation
youtube,shorts,khÃ´ng tÃ¡i phÃ¡t,Cyz4_CdsfKw,"Sau khi Ä‘á»‘t, sÃ¹i mÃ o gÃ  cÃ³ TÃI PHÃT khÃ´ng? | Ths.Bs Tráº§n Quá»‘c Phong","SÃ¹i mÃ o gÃ  lÃ  má»™t bá»‡nh lÃ¢y truyá»n qua Ä‘Æ°á»ng tÃ¬nh dá»¥c do virus human papilloma (HPV) á»Ÿ ngÆ°á»i gÃ¢y ra. CÃ³ nhiá»u chá»§ng virus HPV khÃ¡c nhau, trong Ä‘Ã³, virus HPV loáº¡i 6 vÃ  11 lÃ  2 loáº¡i gÃ¢y ra bá»‡nh sÃ¹i mÃ o gÃ  á»Ÿ nam giá»›i vÃ  cáº£ ná»¯ giá»›i. CÃ¡ch Ä‘iá»u trá»‹ phá»• biáº¿n nháº¥t tÃ¬nh tráº¡ng sÃ¹i mÃ o gÃ  lÃ  Ä‘á»‘t sÃ¹i. Váº­y, liá»‡u viá»‡c Ä‘á»‘t sÃ¹i mÃ o gÃ  cÃ³ giÃºp Ä‘iá»u trá»‹ dá»©t Ä‘iá»ƒm tÃ¬nh tráº¡ng sá»©c khá»e nÃ y hay khÃ´ng, hÃ£y tÃ¬m hiá»ƒu ngay nhÃ© #suimaoga #dotsui #benhtinhduc #dieutri #std #hpv #suckhoe #saigonmedicine #benhxahoi",2024-10-15,Saigon Medicine,UCLc0swcfGCRGW11FTrWcJEg,@saigonmedicine,48,10362,https://www.youtube.com/watch?v=Cyz4_CdsfKw,medical_misinformation
youtube,shorts,khÃ´ng tÃ¡i phÃ¡t,fYS8NK-iS1g,ÄÃ£ má»• rÃ² háº­u mÃ´n rá»“i lÃ m sao phÃ²ng chá»‘ng tÃ¡i phÃ¡t #shorts #thsbsphananhtuanofficial,"Sau khi Ä‘Ã£ má»• rÃ² háº­u mÃ´n, viá»‡c phÃ²ng ngá»«a tÃ¡i phÃ¡t rÃ² háº­u mÃ´n ráº¥t quan trá»ng Ä‘á»ƒ trÃ¡nh tÃ¬nh tráº¡ng nÃ y trá»Ÿ láº¡i. DÆ°á»›i Ä‘Ã¢y lÃ  má»™t sá»‘ biá»‡n phÃ¡p báº¡n cÃ³ thá»ƒ thá»±c hiá»‡n Ä‘á»ƒ giáº£m nguy cÆ¡ tÃ¡i phÃ¡t:

Duy trÃ¬ vá»‡ sinh cÃ¡ nhÃ¢n tá»‘t: Rá»­a sáº¡ch vÃ¹ng háº­u mÃ´n sau khi Ä‘i tiÃªu, sá»­ dá»¥ng nÆ°á»›c áº¥m hoáº·c giáº¥y vá»‡ sinh má»m máº¡i Ä‘á»ƒ lau sáº¡ch. Äáº£m báº£o vÃ¹ng háº­u mÃ´n luÃ´n khÃ´ rÃ¡o Ä‘á»ƒ ngÄƒn sá»± phÃ¡t triá»ƒn cá»§a vi khuáº©n.
ChÄƒm sÃ³c da vÃ¹ng háº­u mÃ´n: Sá»­ dá»¥ng kem chÄƒm sÃ³c da chuyÃªn dá»¥ng Ä‘á»ƒ giá»¯ da vÃ¹ng háº­u mÃ´n má»m máº¡i vÃ  khÃ´ng bá»‹ kÃ­ch á»©ng. TrÃ¡nh sá»­ dá»¥ng cÃ¡c sáº£n pháº©m cÃ³ chá»©a hÃ³a cháº¥t hoáº·c mÃ¹i hÆ°Æ¡ng máº¡nh máº½ cÃ³ thá»ƒ kÃ­ch thÃ­ch da.
Dinh dÆ°á»¡ng cÃ¢n Ä‘á»‘i: Ä‚n uá»‘ng lÃ nh máº¡nh vÃ  giÃ u cháº¥t xÆ¡ cÃ³ thá»ƒ giÃºp duy trÃ¬ há»‡ tiÃªu hÃ³a lÃ nh máº¡nh, giáº£m nguy cÆ¡ tÃ¡o bÃ³n hoáº·c tiÃªu cháº£y, nhá»¯ng yáº¿u tá»‘ cÃ³ thá»ƒ gÃ¢y ra rÃ² háº­u mÃ´n.
TrÃ¡nh táº¡o Ã¡p lá»±c trÃªn vÃ¹ng háº­u mÃ´n: Háº¡n cháº¿ viá»‡c ngá»“i lÃ¢u hoáº·c Ä‘á»©ng lÃ¢u, Ä‘áº·c biá»‡t lÃ  trÃªn bá» máº·t cá»©ng. Náº¿u báº¡n pháº£i ngá»“i lÃ¢u, hÃ£y Ä‘áº£m báº£o ráº±ng báº¡n Ä‘ang sá»­ dá»¥ng gá»‘i Ä‘á»‡m hoáº·c gá»‘i Ã´m vÃ²ng quanh vÃ¹ng háº­u mÃ´n.
Thá»±c hiá»‡n cÃ¡c biá»‡n phÃ¡p váº­n Ä‘á»™ng: Táº­p thá»ƒ dá»¥c Ä‘á»u Ä‘áº·n cÃ³ thá»ƒ giÃºp cáº£i thiá»‡n tuáº§n hoÃ n mÃ¡u vÃ  há»— trá»£ há»‡ tiÃªu hÃ³a. Tuy nhiÃªn, trÃ¡nh cÃ¡c bÃ i táº­p náº·ng nhá»c hoáº·c Ã¡p lá»±c lá»›n trá»±c tiáº¿p lÃªn vÃ¹ng háº­u mÃ´n.
Thá»±c hiá»‡n kiá»ƒm tra Ä‘á»‹nh ká»³: Äá»‹nh ká»³ thÄƒm khÃ¡m vá»›i bÃ¡c sÄ© chuyÃªn khoa Ä‘á»ƒ kiá»ƒm tra sá»©c khá»e cá»§a vÃ¹ng háº­u mÃ´n vÃ  Ä‘áº£m báº£o khÃ´ng cÃ³ dáº¥u hiá»‡u tÃ¡i phÃ¡t rÃ² háº­u mÃ´n.
NgoÃ i ra, luÃ´n láº¯ng nghe vÃ  tuÃ¢n thá»§ hÆ°á»›ng dáº«n cá»§a bÃ¡c sÄ© hoáº·c nhÃ¢n viÃªn y táº¿ vá» cÃ¡ch chÄƒm sÃ³c sau má»• vÃ  cÃ¡c biá»‡n phÃ¡p phÃ²ng ngá»«a tÃ¡i phÃ¡t rÃ² háº­u mÃ´n.

ÄÃ¢y lÃ  kÃªnh youtube chÃ­nh thá»©c Ths Bs Phan Anh Tuáº¥n Official. Má»i báº£n quyá»n thuá»™c vá» Ths Bs Phan Anh Tuáº¥n Official
--------------ThÃ´ng tin liÃªn há»‡ -------------------
â–¶Youtube:                                    https://bit.ly/DangkykenhThsBsPhanAnhTuanOfficial
â–¶Fanpage FaceBook:                https://bit.ly/FanpageFBThsBsPhanAnhTuanOfficial
â–¶LiÃªn há»‡ SÄT:                             0989003766
â–¶Äá»‹a chá»‰:                                      766/1P SÆ° Váº¡n Háº¡nh ná»‘i dÃ i - P12 - Q10 - TPHCM (khu villa 766)
â–¶ https://bacsichinhminh.com/dat-lich-tu-van/
â–¶LINK Äáº¶T Lá»ŠCH Háº¸N KHÃM : https://forms.gle/KzKAR7CYiHrMYkhw6
Â© Báº£n quyá»n thuá»™c vá» Ths Bs Phan Anh Tuáº¥n Official
Â© Copyright by Ths Bs Phan Anh Tuáº¥n Official â˜ Do not Reup
Â© ï¸Äá»‘i vá»›i cÃ¡c váº¥n Ä‘á» báº£n quyá»n, vui lÃ²ng gá»­i Mail cho tÃ´i theo Ä‘á»‹a chá»‰: bacsichinhminh@yan1.vn
CÃ¡c báº¡n hÃ£y Sub á»§ng há»™ kÃªnh Youtube cá»§a Ths Bs Phan Anh Tuáº¥n Ä‘á»ƒ nháº­n Ä‘Æ°á»£c nhá»¯ng video kiáº¿n thá»©c má»›i vÃ  sá»›m nháº¥t nhÃ©: https://bit.ly/DangkykenhThsBsPhanAnhTuanOfficial
#rohaumon #thsbsphananhtuanofficial #thsbsphananhtuan

Tá»« khoÃ¡ tÃ¬m kiáº¿m trÃªn Google:
ths bs phan anh tuáº¥n official, ths bs phan anh tuan official, ths bs phan anh tuáº¥n, ths bs phan anh tuan, bá»‡nh trÄ©, trÄ©, trÄ© ná»™i, trÄ© ngoáº¡i, bá»‡nh rÃ² háº­u mÃ´n, rÃ² háº­u mÃ´n, rÃ² háº­u mÃ´n lÃ  gÃ¬, bá»‡nh máº¡ch lÆ°Æ¡n, nguyÃªn nhÃ¢n rÃ² háº­u mÃ´n, triá»‡u chá»©ng rÃ² háº­u mÃ´n, Ä‘Ã£ má»• rÃ² háº­u mÃ´n rá»“i lÃ m sao phÃ²ng chá»‘ng tÃ¡i phÃ¡t, Ä‘Ã£, má»•, rÃ², háº­u, mÃ´n, rá»“i, lÃ m, sao, phÃ²ng, chá»‘ng, tÃ¡i, phÃ¡t

Link Wikipedia: https://vi.wikipedia.org/wiki/H%E1%BA%ADu_m%C3%B4n

Link Video: https://youtu.be/fYS8NK-iS1g

Link Website: www.thsbsphananhtuan.com",2024-05-18,THS BS PHAN ANH TUáº¤N OFFICIAL,UCyyBwmLwgobr9-CSU9JuX3w,@ThsBsPhanAnhTuanOfficial,45,1060,https://www.youtube.com/watch?v=fYS8NK-iS1g,medical_misinformation
youtube,shorts,khÃ´ng tÃ¡i phÃ¡t,IQQ7pBUwOu8,Tá»” Äá»ˆA CÃ“ PHáº¢I LÃ€ Bá»†NH MÃƒN TÃNH Dá»„ TÃI PHÃT KHÃ”NG? NGUYÃŠN NHÃ‚N Bá»†NH Tá»” Äá»ˆA TÃI ÄI TÃI Láº I,"Tá»” Äá»ˆA CÃ“ PHáº¢I LÃ€ Bá»†NH MÃƒN TÃNH Dá»„ TÃI PHÃT KHÃ”NG? NGUYÃŠN NHÃ‚N Bá»†NH Tá»” Äá»ˆA TÃI ÄI TÃI Láº I ***
Äá»‚ ÄÆ¯á»¢C TÆ¯ Váº¤N VÃ€ Äáº¶T Lá»ŠCH KHÃM, VUI LÃ’NG ÄÄ‚NG KÃ Táº I:
â˜ HOTLINE: 0789 502 555 - 0789 503 555
ğŸ¥  Äá»‹a chá»‰: PhÃ²ng khÃ¡m Tuá»‡ Y ÄÆ°á»ng -166 Nguyá»…n Xiá»ƒn - Thanh XuÃ¢n - HÃ  Ná»™i
THá»œI GIAN KHÃM Bá»†NH:
ğŸ’Š Táº¥t cáº£ cÃ¡c ngÃ y trong tuáº§n: SÃ¡ng tá»« 8h00 - 12h00 // Chiá»u tá»« 13h30 - 21h00
ğŸŒ Website: https://tueyduong.com/
ğŸ“¬ Email: dongytueyduong@gmail.com
Fb Bs Thu Huyá»n: https://www.facebook.com/bstranthuhuyen
Fb bs Nháº­t Minh: https://www.facebook.com/bsminhTYD
Fb Bs ÄoÃ n Dung: https://www.facebook.com/Bsidoandung
Fanpage PhÃ²ng khÃ¡m Tuá»‡ Y ÄÆ°á»ng: https://www.facebook.com/DongyTueYDuong
Fanpage Bs Thu Huyá»n: https://www.facebook.com/BasiThuHuyen
Fanpage Bs ÄoÃ n Dung: https://www.facebook.com/BsDoanDung/",2025-07-26,Tuá»‡ Y ÄÆ°á»ng,UCHXRlUOGYAT9kkXGCcSQDZg,,53,1799,https://www.youtube.com/watch?v=IQQ7pBUwOu8,medical_misinformation
youtube,shorts,khÃ´ng tÃ¡i phÃ¡t,khÃ´ng tÃ¡i phÃ¡t,khÃ´ng tÃ¡i phÃ¡t,,,,,,,,ytsearch50:khÃ´ng tÃ¡i phÃ¡t,medical_misinformation
youtube,shorts,khÃ´ng tÃ¡i phÃ¡t,LX7knqaEa-w,5 Ä‘iá»u cáº§n nhá»› Ä‘á»ƒ má»¥n khÃ´ng tÃ¡i phÃ¡t? | Má»¥n tÃ¡i phÃ¡t nhiá»u láº§n | BÃ¡c sÄ© MÃ£ PhÆ°á»£ng,"5 Ä‘iá»u cáº§n nhá»› Ä‘á»ƒ má»¥n khÃ´ng tÃ¡i phÃ¡t? | Má»¥n tÃ¡i phÃ¡t nhiá»u láº§n | BÃ¡c sÄ© MÃ£ PhÆ°á»£ng

Má»™t trong nhá»¯ng váº¥n Ä‘á» nan giáº£i thÆ°á»ng gáº·p nháº¥t cá»§a nhá»¯ng ngÆ°á»i bá»‹ má»¥n trá»©ng cÃ¡, Ä‘Ã³ lÃ  má»¥n tÃ¡i Ä‘i tÃ¡i láº¡i, khÃ´ng khá»i má»™t cÃ¡ch triá»‡t Ä‘á»ƒ, khÃ³ dá»©t Ä‘iá»ƒm. Tháº­m chÃ­ Ä‘á»£t má»¥n sau cÃ²n nghiÃªm trá»ng hÆ¡n Ä‘á»£t trÆ°á»›c. Tháº¥u hiá»ƒu ná»—i lo nÃ y, bÃ¡c sÄ© MÃ£ PhÆ°á»£ng sáº½ chia sáº» 5 Ä‘iá»u cáº§n nhá»› Ä‘á»ƒ má»¥n khÃ´ng tÃ¡i phÃ¡t. CÃ¡c báº¡n hÃ£y xem háº¿t video Ä‘á»ƒ trÃ¡nh tÃ¬nh tráº¡ng má»¥n tÃ¡i phÃ¡t nhiá»u láº§n nhÃ©.

â™¥ Da má»¥n nÃªn Äƒn gÃ¬? | Thá»±c pháº©m tá»‘t cho da má»¥n? https://youtube.com/shorts/WyAD6PQgesM
â™¥ 5 thÃ³i quen xáº¥u khiáº¿n da má»¥n tá»‡ hÆ¡n? https://youtube.com/shorts/VKxYweRtHcU

Äá»«ng quÃªn báº¥m theo dÃµi kÃªnh BÃ¡c sÄ© MÃ£ PhÆ°á»£ng ngay dÆ°á»›i Ä‘Ã¢y Ä‘á»ƒ khÃ´ng bá» lá»¡ video má»›i nháº¥t tá»« BÃ¡c sÄ© MÃ£ PhÆ°á»£ng báº¡n nhÃ©
https://bit.ly/theodoibacsimaphuong
â™¥ Äá»ƒ nháº­n tÆ° váº¥n há»— trá»£ vá» Da: 
ğŸ“¨ Nháº¯n tin trá»±c tiáº¿p: http://m.me/BacsiMaPhuong 
qua link nÃ y báº¡n nhÃ©.

ğŸ“Œ Trang Facebook : https://facebook.com/BacsiMaPhuong

ğŸ“Œ Tham gia cá»™ng Ä‘á»“ng chÄƒm sÃ³c da khoa há»c cÃ¹ng BÃ¡c sÄ© MÃ£ PhÆ°á»£ng : 

https://bit.ly/congdongbacsimaphuong

ğŸ“Œ KÃªnh Tiktok : https://www.tiktok.com/@bacsimaphuong

ğŸ“Œ Website : http://bacsimaphuong.vn/

ğŸ“Œ Email há»£p tÃ¡c: maphuongytn@gmail.com

Â© Báº£n quyá»n thuá»™c vá» BÃ¡c sÄ© MÃ£ PhÆ°á»£ng
Â© Copyright by BÃ¡c sÄ© MÃ£ PhÆ°á»£ng â˜ Do not Reup

#bacsidalieu #bsmaphuong #maphuong #chamsocda #lamdep #trimun #muntrungca #cachphongchongmuntaiphatdongian",2023-02-11,BÃ¡c sÄ© MÃ£ PhÆ°á»£ng,UCvVDgao_xlNUh_CEYyOHvyA,@bacsimaphuong,22,1538,https://www.youtube.com/watch?v=LX7knqaEa-w,medical_misinformation
youtube,shorts,khÃ´ng tÃ¡i phÃ¡t,OqIimEVHYjc,Bá»‡nh tay chÃ¢n miá»‡ng cÃ³ tÃ¡i phÃ¡t khÃ´ng? | NhÃ  Thuá»‘c FPT Long ChÃ¢u,"CÃ³ nhiá»u báº­c cha máº¹ chá»§ quan khi cho ráº±ng tráº» Ä‘Ã£ tá»«ng bá»‹ bá»‡nh tay chÃ¢n miá»‡ng sáº½ khÃ´ng máº¯c láº¡i láº§n 2, tuy nhiÃªn trÃªn thá»±c táº¿ cÄƒn bá»‡nh nÃ y hoÃ n toÃ n cÃ³ thá»ƒ quay trá»Ÿ láº¡i trÃªn cÆ¡ thá»ƒ tráº» nhiá»u láº§n vÃ  nguy hiá»ƒm Ä‘áº¿n tÃ­nh máº¡ng cá»§a tráº».

Má»—i láº§n nhiá»…m bá»‡nh chá»‰ táº¡o ra khÃ¡ng thá»ƒ vá»›i má»™t loáº¡i vi rÃºt nháº¥t Ä‘á»‹nh, do Ä‘Ã³ thá»ƒ máº¯c bá»‡nh trá»Ÿ láº¡i náº¿u bá»‹ nhiá»…m vi rÃºt khÃ¡c thuá»™c nhÃ³m enterovirus. VÃ¬ váº­y, tráº» Ä‘Ã£ tá»«ng máº¯c bá»‡nh tay chÃ¢n miá»‡ng hoÃ n toÃ n cÃ³ nguy cÆ¡ tÃ¡i nhiá»…m. Táº¥t cáº£ nhá»¯ng ngÆ°á»i tiáº¿p xÃºc vá»›i tráº» bá»‹ tay chÃ¢n miá»‡ng Ä‘á»u cÃ³ nguy cÆ¡ bá»‹ nhiá»…m bá»‡nh.

Tá»· lá»‡ lÃ¢y truyá»n virus Ä‘Æ°á»ng ruá»™t cho ngÆ°á»i khá»e máº¡nh lÃ  17%, á»Ÿ ngÆ°á»i thÃ¢n vÃ  ngÆ°á»i tiáº¿p xÃºc trá»±c tiáº¿p vá»›i tráº» máº¯c bá»‡nh lÃ  23%. Káº¿t luáº­n nÃ y chá»©ng tá» táº¥t cáº£ nhá»¯ng ngÆ°á»i cÃ³ cÆ¡ há»™i tiáº¿p xÃºc vá»›i tráº» bá»‹ tay chÃ¢n miá»‡ng Ä‘á»u cÃ³ nguy cÆ¡ bá»‹ nhiá»…m bá»‡nh vÃ  tháº­m chÃ­ cÃ³ kháº£ nÄƒng lÃ¢y bá»‡nh cho ngÆ°á»i khÃ¡c.

Bá»‡nh tay chÃ¢n miá»‡ng lÃ  bá»‡nh truyá»n nhiá»…m lÃ¢y tá»« ngÆ°á»i sang ngÆ°á»i, dá»… gÃ¢y thÃ nh dá»‹ch do virÃºt Ä‘Æ°á»ng ruá»™t gÃ¢y ra. VÃ  Ä‘iá»u quan trá»ng cho Ä‘áº¿n hiá»‡n táº¡i váº«n chÆ°a cÃ³ váº¯c-xin phÃ²ng ngá»«a bá»‡nh tay chÃ¢n miá»‡ng, vÃ¬ tháº¿ kháº£ nÄƒng táº¡o khÃ¡ng thá»ƒ chá»‘ng láº¡i siÃªu vi gÃ¢y bá»‡nh tay chÃ¢n miá»‡ng lÃ  ráº¥t tháº¥p.

HÃ£y cÃ¹ng FPT Long ChÃ¢u nghe thÃªm nhá»¯ng chia sáº» cá»§a BÃ¡c sÄ© TrÆ°Æ¡ng Há»¯u Khanh nhÃ©!

#taychanmieng #hfmd #nhathuoclongchau #suckhoe #longchau #nhathuoc FPT Long ChÃ¢u

Hi vá»ng nhá»¯ng video mÃ  nhÃ  thuá»‘c FPT Long ChÃ¢u chia sáº» sáº½ giÃºp Ã­ch cho cÃ¡c báº¡n trong viá»‡c chÄƒm sÃ³c vÃ  báº£o vá»‡ sá»©c khoáº» báº£n thÃ¢n.

Báº¡n cÃ³ thá»ƒ xem thÃªm thÃ´ng tin vá» chÄƒm sÃ³c sá»©c khoáº» táº¡i: 
Website      : https://nhathuoclongchau.com
Fanpage     : https://fb.com/nhathuocfptlongchau
Tiktok         : https://www.tiktok.com/@nhathuocfptlongchau
Tá»•ng Ä‘Ã i tÆ° váº¥n, giáº£i Ä‘Ã¡p tháº¯c máº¯c: 1800 6928 (Miá»…n phÃ­)

Comment nháº­n xÃ©t Ä‘á»ƒ Ä‘á»ƒ cáº£i thiá»‡n vÃ  Ä‘Äƒng kÃ½ kÃªnh Ä‘á»ƒ á»§ng há»™ tá»¥i mÃ¬nh nhÃ©!",2022-06-08,NhÃ  Thuá»‘c FPT Long ChÃ¢u,UCj3sB-Bdu418gelPKyVkn-Q,@nhathuocfptlongchau,34,7347,https://www.youtube.com/watch?v=OqIimEVHYjc,medical_misinformation
youtube,shorts,khÃ´ng tÃ¡i phÃ¡t,p6yTkAmO9zM,Tráº» bá»‹ VA tÃ¡i phÃ¡t cÃ³ lÃªn náº¡o khÃ´ng?,HÃ£y like vÃ  share náº¿u báº¡n tháº¥y hay vÃ  Ã½ nghÄ©a nhÃ©!,2020-12-18,Háº£i sáº£n Háº±ng VÅ©,UC59dQK1ZZ6rGgEHDbiU1hKQ,@haisanhangvu4180,30,109,https://www.youtube.com/watch?v=p6yTkAmO9zM,medical_misinformation
youtube,shorts,khÃ´ng tÃ¡i phÃ¡t,qW_aPBezxvk,Sau Ä‘iá»u trá»‹ U gan cÃ³ tÃ¡i phÃ¡t khÃ´ng? #shorts,Sau Ä‘iá»u trá»‹ U gan cÃ³ tÃ¡i phÃ¡t khÃ´ng? #shorts,2023-11-05,TiÃªu hÃ³a TÃ¢m Anh,UCBcJbQO4ixFU_yxu4XK6R2A,@tieuhoata,50,2154,https://www.youtube.com/watch?v=qW_aPBezxvk,medical_misinformation
youtube,shorts,khÃ´ng tÃ¡i phÃ¡t,ZSbL8Y06w0U,ThoÃ¡t vá»‹ Ä‘Ä©a Ä‘á»‡m Ä‘Ã£ chá»¯a khá»i liá»‡u cÃ³ tÃ¡i phÃ¡t khÃ´ng ??? | #shorts | Tráº§n Äá»©c Tiáº¿n,ThoÃ¡t vá»‹ Ä‘Ä©a Ä‘á»‡m Ä‘Ã£ chá»¯a khá»i liá»‡u cÃ³ tÃ¡i phÃ¡t khÃ´ng ??? | #shorts | Tráº§n Äá»©c Tiáº¿n,2023-06-28,BÃ¡c sá»¹ Tiáº¿n official,UCaSoV0X0TnVTq9jfIbco2rQ,@bacsytienofficial6293,40,189,https://www.youtube.com/watch?v=ZSbL8Y06w0U,medical_misinformation
youtube,shorts,thuá»‘c gia truyá»n khá»i háº³n,4vjyZjGxq1A,Bá»‡nh Zona tháº§n kinh cÃ³ liÃªn quan gÃ¬ Ä‘áº¿n thá»§y Ä‘áº­u? | VNVC,"ğŸ”°Trung tÃ¢m TiÃªm chá»§ng VNVC cÃ³ Ä‘áº§y Ä‘á»§ váº¯c xin tráº» em vÃ  ngÆ°á»i lá»›n, khÃ´ng tÄƒng giÃ¡ vÃ  bÃ¬nh á»•n giÃ¡ trÃªn toÃ n quá»‘c, dá»‹ch vá»¥ cao cáº¥p 5 sao vá»›i nhiá»u Æ°u Ä‘Ã£i lá»›n.
ğŸ“ LiÃªn há»‡ vá»›i VNVC Ä‘á»ƒ nháº­n tÆ° váº¥n MIá»„N PHÃ vá» cÃ¡c gÃ³i tiÃªm chá»§ng tá»‘t nháº¥t.
======================================
Há»‡ thá»‘ng Trung tÃ¢m TiÃªm chá»§ng VNVC
ğŸ¥ Trá»¥ sá»Ÿ chÃ­nh: 180 TrÆ°á»ng Chinh, P. KhÆ°Æ¡ng ThÆ°á»£ng, Q. Äá»‘ng Äa,Tp. HÃ  Ná»™i
ğŸ“ Hotline: 02873006595
ğŸ¥ Há»‡ thá»‘ng chi nhÃ¡nh: https://vnvc.vn/he-thong-trung-tam-tiem-chung/
---------------------
Theo dÃµi Viá»‡n TiÃªm chá»§ng Viá»‡t Nam VNVC trÃªn: 
â–º Fanpage: https://www.facebook.com/trungtamtiemchungvnvc
â–º Subscribe: https://www.youtube.com/@vnvcofficial
â–º Website: https://vnvc.vn/
â–º Email: cskh@vnvc.vn
â–º Hotline: 028 7300 6595
â–º #VientiemchungVietNamVNVCâ€‹â€‹ #VNVC
--------------------- 
Â© Báº£n quyá»n thuá»™c vá» Viá»‡n TiÃªm chá»§ng Viá»‡t Nam VNVC
Â© Copyright by Vietnam Vaccine Joint Stock Company â˜ Do not Reup",2023-05-18,VNVC - Trung tÃ¢m tiÃªm chá»§ng tráº» em vÃ  ngÆ°á»i lá»›n,UCp1l2m5_ub8yM-ku-zh8SGA,@vnvcofficial,59,1550294,https://www.youtube.com/watch?v=4vjyZjGxq1A,medical_misinformation
youtube,shorts,thuá»‘c gia truyá»n khá»i háº³n,kx50fIaG91s,#2 Há»i - ÄÃ¡p: Bá»‡nh trÄ© Ä‘á»™ 3 chá»¯a trá»‹ nhÆ° tháº¿ nÃ o Ä‘á»ƒ Ä‘áº¡t hiá»‡u quáº£? | AloBacsi Video,"CÃ¡ch Ä‘iá»u trá»‹ bá»‡nh trÄ© Ä‘á»™ 3 cÃ³ thá»ƒ lÃ  dÃ¹ng thuá»‘c hoáº·c pháº«u thuáº­t. Tuy nhiÃªn viá»‡c chá»¯a trá»‹ nhÆ° tháº¿ nÃ o Ä‘á»ƒ Ä‘áº¡t hiá»‡u quáº£ cao nháº¥t thÃ¬ cáº§n cÃ³ sá»± chá»‰ Ä‘á»‹nh cá»¥ thá»ƒ cá»§a bÃ¡c sÄ©. Do Ä‘Ã³ ngÆ°á»i bá»‡nh nÃªn tá»›i cÃ¡c bá»‡nh viá»‡n Ä‘á»ƒ Ä‘Æ°á»£c tÆ° váº¥n cá»¥ thá»ƒ.
ğŸ”” ÄÄƒng KÃ½ KÃªnh vÃ  Báº­t ThÃ´ng BÃ¡o cho kÃªnh VIDEO ALOBACSI ğŸ‘‰ https://bit.ly/VideoAlobacsi
ğŸ“Œ Tham gia lÃ m há»™i viÃªn cá»§a kÃªnh Ä‘á»ƒ Ä‘Æ°á»£c hÆ°á»Ÿng Ä‘áº·c quyá»n: https://bit.ly/3WGX9hX

Theo dÃµi VIDEO ALOBACSI thÃªm táº¡i Ä‘Ã¢y:
â–º Facebook: https://www.facebook.com/alobacsihoibacsitraloi/
â–º TikTok: https://www.tiktok.com/@alobacsi.com 
â–º Email: video.alobacsi@gmail.com
â–º Zalo - SÄT: 08983 08983
â–º Website: https://alobacsi.com/

Há»£p tÃ¡c ná»™i dung: 
â–º SÄT: 0903 696 357
â–º Email: info@alobacsi.vn

#alobacsi #bacsi #tinnong #tintucsuckhoe #suckhoe

CÃ¡c báº¡n Ä‘á»«ng quÃªn ÄÄƒng KÃ½ KÃªnh, Like vÃ  Chia Sáº» náº¿u yÃªu thÃ­ch video nhÃ©!

----------------------------------
Â© Báº£n quyá»n thuá»™c vá» VIDEO ALOBACSI, vui lÃ²ng khÃ´ng reup dÆ°á»›i má»i hÃ¬nh thá»©c
Â© Copyright by VIDEO ALOBACSI â˜ Do not Reup",2024-09-03,Video AloBacsi,UCAgehYjUxNc7vHpf3F06mXQ,@AloBacsiOffical,37,81908,https://www.youtube.com/watch?v=kx50fIaG91s,medical_misinformation
youtube,shorts,thuá»‘c gia truyá»n khá»i háº³n,lZbcyIy04jw,CÃ¡ch Trá»‹ Ho Báº±ng PhÆ°Æ¡ng PhÃ¡p Tá»± NhiÃªn Chá»‰ Ba NgÃ y LÃ  khá»i Háº³n,"ChÃ o cÃ¡c báº¡n hÃ´m nay mÃ¬nh chia sáº» cÃ¡c báº¡n CÃ¡ch Trá»‹ Ho Báº±ng PhÆ°Æ¡ng PhÃ¡p Tá»± NhiÃªn Chá»‰ Ba NgÃ y LÃ  khá»i Háº³n.
NguyÃªn liá»‡u:
3 quáº£ chanh
100gr-gá»«ng
Máº­t ong",2023-09-20,Phong Vá»‹ Viá»‡t,UCNJhRd0fJydLqiykA1MzKlQ,,29,202823,https://www.youtube.com/watch?v=lZbcyIy04jw,medical_misinformation
youtube,shorts,thuá»‘c gia truyá»n khá»i háº³n,reuk7b0NtNc,TrÃ¡m rÄƒng sÃ¢u,"#nhakhoaanna #nhakhoauytin #dungdangdungde #cayghepimplant #niengrang 
TrÃ¡m rÄƒng sÃ¢u

Ná»¥ cÆ°á»i Ä‘áº¹p cho cuá»™c sá»‘ng tá»± tin vÃ  tá»‘t Ä‘áº¹p hÆ¡n.
Biáº¿t Æ¡n QÃºy KhÃ¡ch HÃ ng Ä‘Ã£ yÃªu thÆ°Æ¡ng, á»§ng há»™ vÃ  tin tÆ°á»Ÿng Nha Khoa Anna

ğŸ« ANNA CENTER: 28 - 30 Ä‘Æ°á»ng 3/2 phÆ°á»ng 12, quáº­n 10. TP.HCM
 â˜ Hotline: 1800 2072 - 0932 670 222

HÃ£y theo dÃµi, Like, share vÃ  subscribe kÃªnh nha khoa Anna Ä‘á»ƒ cÃ³ thÃªm kiáº¿n thá»©c hay vá» rÄƒng miá»‡ng  quÃ½ vá»‹ nhÃ© :
ğŸ‘‰ Äáº·t Lá»‹ch Háº¹n TÆ° váº¥n vá» NHA KHOA:
 https://nhakhoaanna.com/lien-he/  Hoáº·c M.me/nhakhoaanna
ğŸ‘‰ website Nha Khoa Anna
 https://nhakhoaanna.com/
ğŸ‘‰  Facebook Nha Khoa Anna
 https://www.facebook.com/nhakhoaanna/

ğŸ”¥  Tham Kháº£o DÆ°á»£c Má»¹ Pháº©m ChÄƒm sÃ³c rÄƒng miá»‡ng vÃ  sáº¯c Ä‘áº¹p táº¡i: 
ğŸ‘‰ Äáº·t Lá»‹ch Háº¹n TÆ° váº¥n vá» Má»¹ Pháº©m vÃ  chÄƒm sÃ³c sáº¯c Ä‘áº¹p:
https://dennacare.com/pages/lien-he Hoáº·c M.me/duocmyphamdennacare
ğŸ‘‰ Website Denna Care
https://dennacare.com/
ğŸ‘‰ Facebook DÆ°á»£c Má»¹ Pháº©m Denna Care
https://www.facebook.com/duocmyphamdennacare/
ğŸ‘‰ Youtube : https://www.youtube.com/channel/UC-5e5wuK6GyCOIsFWE8FPsg

ğŸ”¥ á»¦ng Há»™ Dung DÄƒng Dung Dáº» Táº¡i :
ğŸ‘‰ theo dÃµi Youtube Dung DÄƒng Dung Dáº»: 
https://www.youtube.com/channel/UCn1iONIQ7poa9IAKMm-Z2iQ
ğŸ‘‰ theo dÃµi facebook Dung DÄƒng Dung Dáº»: 
https://www.facebook.com/buithidungnhakhoa
ğŸ‘‰ tham gia Group Dung DÄƒng Dung Dáº» vÃ  nhá»¯ng ngÆ°á»i báº¡n: 
https://www.facebook.com/groups/766067561644515/
ğŸ‘‰ theo dÃµi Tiktok BÃ¹i Thá»‹ Dung: 
https://www.tiktok.com/@buithidungnhakhoa9

Â© Báº£n quyá»n thuá»™c vá» Nha Khoa Anna
Â© Copyright by Nha Khoa Anna  â˜ Do not Reup
#niengrang #bocrangsu #nhakhoa #nhakhoauytin #implant #nhakhoauytin #nhakhoauytintaitphcm #4D #buithidung #duocmyphamdennacare #dennacare #suphukhuongdua #anna #dunganna",2023-12-17,Nha Khoa Anna,UCQskz2Jhir-4UcnGhfber0A,@NhaKhoaAnna,13,398476,https://www.youtube.com/watch?v=reuk7b0NtNc,medical_misinformation
youtube,shorts,thuá»‘c gia truyá»n khá»i háº³n,thuá»‘c gia truyá»n khá»i háº³n,thuá»‘c gia truyá»n khá»i háº³n,,,,,,,,ytsearch50:thuá»‘c gia truyá»n khá»i háº³n,medical_misinformation
youtube,shorts,thuá»‘c gia truyá»n khá»i háº³n,X5k4u1NW5is,VÃ¬ Sao Bá»‡nh NhÃ¢n Ung ThÆ° Giai Äoáº¡n Cuá»‘i ThÆ°á»ng Ráº¥t Äau Äá»›n? | SKÄS #shorts,"SKÄS | Bá»‡nh nhÃ¢n ung thÆ° giai Ä‘oáº¡n cuá»‘i thÆ°á»ng pháº£i chá»‹u Ä‘á»±ng nhá»¯ng ná»—i Ä‘au Ä‘á»›n cáº£ vá» thá»ƒ cháº¥t láº«n tinh tháº§n. CÃ¡c cÆ¡n Ä‘au lÃ¢u ngÃ y khÃ´ng Ä‘Æ°á»£c Ä‘iá»u trá»‹ cÃ³ thá»ƒ dáº«n tá»›i nhá»¯ng áº£nh hÆ°á»Ÿng nghiá»‡m trá»ng vá» sá»©c khá»e cÅ©ng nhÆ° cháº¥t lÆ°á»£ng cuá»™c sá»‘ng cá»§a ngÆ°á»i bá»‡nh. Váº­y táº¡i sao bá»‡nh nhÃ¢n giai Ä‘oáº¡n cuá»‘i láº¡i ráº¥t Ä‘au Ä‘á»›n? Sau Ä‘Ã¢y hÃ£y cÃ¹ng láº¯ng nghe chia sáº» cá»§a Tháº¡c sÄ©, bÃ¡c sÄ© LÆ°Æ¡ng Duy Long - ChuyÃªn khoa Ung bÆ°á»›u, cá»‘ váº¥n ChuyÃªn mÃ´n Há»‡ thá»‘ng Y táº¿ HÆ°ng Viá»‡t


ğŸ”†NÃºt SHARE cá»§a báº¡n giá» Ä‘Ã¢y ráº¥t há»¯u Ã­ch 
--------------------
ğŸ‘BÃ¡o Sá»©c khá»e vÃ  Äá»i sá»‘ng â€“ CÆ¡ quan ngÃ´n luáº­n cá»§a Bá»™ Y táº¿
ğŸ–¥Website: http://suckhoedoisong.vn/
ğŸ’» FanPage: https://www.facebook.com/baosuckhoevadoisong/
ğŸ’»Youtube: https://bit.ly/Baosuckhoevadoisong
ğŸ’»Tiktok: https://bit.ly/3hOWND9

#skds #suckhoedoisong",2023-08-03,BÃ¡o Sá»©c khá»e & Äá»i sá»‘ng,UCD09NCZlzMj4yGvGkLbuBpw,@BaoSuckhoedoisongboyte,55,109382,https://www.youtube.com/watch?v=X5k4u1NW5is,medical_misinformation
youtube,shorts,cam káº¿t khá»i bá»‡nh,05RHsAhBtMk,Há»– TRá»¢ ÄIá»€U TRá»Š Bá»†NH TIá»‚U ÄÆ¯á»œNG - LÆ°Æ¡ng Y Nguyá»…n CÃ´ng Äá»©c,"Tiá»ƒu Ä‘Æ°á»ng lÃ  má»™t cÄƒn bá»‡nh phá»• biáº¿n tá»« lÃ¢u trÃªn tháº¿ giá»›i. Bá»‡nh tiá»ƒu Ä‘Æ°á»ng (Ä‘Ã¡i thÃ¡o Ä‘Æ°á»ng) lÃ  nhÃ³m bá»‡nh lÃ½ ná»™i khoa chuyá»ƒn hÃ³a khÃ¡ thÆ°á»ng gáº·p. NgÆ°á»i bá»‡nh tiá»ƒu Ä‘Æ°á»ng thÆ°á»ng Äƒn nhiá»u, cáº£m giÃ¡c cá»±c ká»³ khÃ¡t, Ä‘i tiá»ƒu nhiá»u, sá»¥t cÃ¢n, cáº£m tháº¥y má»‡t má»i, kiá»‡t sá»©c áº£nh hÆ°á»Ÿng khÃ´ng nhá» Ä‘áº¿n sá»©c khá»e, cuá»™c sá»‘ng sinh hoáº¡t thÆ°á»ng ngÃ y. Äáº·c biá»‡t tiá»ƒu Ä‘Æ°á»ng cÃ²n lÃ  nguyÃªn nhÃ¢n gÃ¢y ra nhiá»u biáº¿n chá»©ng nghiÃªm trá»ng.
------------------------------------------------------------
Äá»‹a chá»‰: 280E5 LÆ°Æ¡ng Äá»‹nh Cá»§a, P.An PhÃº, TP. Thá»§ Äá»©c, TP.HCM. 
Äiá»‡n thoáº¡i liÃªn há»‡: 0985.082.545 (LÆ°Æ¡ng Y Nguyá»…n CÃ´ng Äá»©c) 
Gmail: luongy.congduc2016@gmail.com 
https://dongduoccongduc.com https://dongduoccongduc.vn 
https://www.facebook.com/dongduoccongductphcm 
https://youtube.com/@luongynguyencongduc",2024-03-17,LÆ°Æ¡ng y Nguyá»…n CÃ´ng Äá»©c,UCnOuAN2OoH-uwU4jgeH9Wlg,@luongynguyencongduc,34,451518,https://www.youtube.com/watch?v=05RHsAhBtMk,medical_misinformation
youtube,shorts,cam káº¿t khá»i bá»‡nh,2d_m-lBQJLE,Ba NhÃ³m Thuá»‘c Äiá»u Trá»‹ Máº¥t Ngá»§ NhÆ°ng KhÃ´ng Pháº£i Thuá»‘c An Tháº§n Hay Chá»‘ng Tráº§m Cáº£m | SKÄS #shorts,"SKÄS | Video Ä‘Æ°á»£c thá»±c hiá»‡n bá»Ÿi BÃ¡c sÄ© Nguyá»…n Huy HoÃ ng - Trung tÃ¢m oxy cao Ã¡p Viá»‡t - Nga

Má»i quÃ½ vá»‹ vÃ  cÃ¡c báº¡n xem thÃªm: 

ğŸ”†NÃºt SHARE cá»§a báº¡n giá» Ä‘Ã¢y ráº¥t há»¯u Ã­ch 
--------------------
ğŸ‘BÃ¡o Sá»©c khá»e vÃ  Äá»i sá»‘ng â€“ CÆ¡ quan ngÃ´n luáº­n cá»§a Bá»™ Y táº¿
ğŸ–¥Website: http://suckhoedoisong.vn/
ğŸ’» FanPage: https://www.facebook.com/baosuckhoevadoisong/
ğŸ’»Youtube: https://bit.ly/Baosuckhoevadoisong
ğŸ’»Tiktok: https://bit.ly/3hOWND9

#skds #suckhoedoisong",2023-10-19,BÃ¡o Sá»©c khá»e & Äá»i sá»‘ng,UCD09NCZlzMj4yGvGkLbuBpw,@BaoSuckhoedoisongboyte,51,109118,https://www.youtube.com/watch?v=2d_m-lBQJLE,medical_misinformation
youtube,shorts,cam káº¿t khá»i bá»‡nh,bE0mA6c8J6Y,70% ngÆ°á»i nhiá»…m HIV táº¡i Viá»‡t Nam khÃ´ng cÃ²n nguy cÆ¡ lÃ¢y HIV | VTV24,"70% ngÆ°á»i nhiá»…m HIV á»Ÿ Viá»‡t Nam khÃ´ng cÃ²n kháº£ nÄƒng lÃ¢y nhiá»…m HIV vÃ¬ lÆ°á»£ng virus trong mÃ¡u ráº¥t tháº¥p, khÃ´ng cÃ³ nguy cÆ¡ lÃ¢y nhiá»…m HIV
----------
ÄoÌ‚Ì€ng haÌ€nh cuÌ€ng VTV Digital taÌ£i:

UÌ›Ìng duÌ£ng VTVgo
Android: https://bit.ly/305aQLs
iOS: https://apple.co/3g8yMTS
hoaÌ£Ì†c xem truÌ›Ì£c tieÌ‚Ìp treÌ‚n https://vtvgo.vn/

BaÌo Ä‘ieÌ£Ì‚n tuÌ›Ì‰: https://VTV.vn

Fanpage:
Tin tuÌ›Ìc, XaÌƒ hoÌ£Ì‚i: https://fb.com/tintucvtv24
ChuyeÌ‚n trang TaÌ€i ChiÌnh: https://fb.com/VTVMoney
BaÌo Ä‘ieÌ£Ì‚n tuÌ›Ì‰ VTV: https://fb.com/baodientuvtv

Youtube: https://youtube.com/vtv24
Zalo: https://zalo.me/1571891271885013375
Instagram: https://instagram.com/vtv24news/
Tiktok: tiktok.com/@vtv24news
Twitter: https://twitter.com/vtvdigitalnews
#VTVDigital #Tintuc",2023-08-30,VTV24,UCabsTV34JwALXKGMqHpvUiA,@vtv24,42,96563,https://www.youtube.com/watch?v=bE0mA6c8J6Y,medical_misinformation
youtube,shorts,cam káº¿t khá»i bá»‡nh,cam káº¿t khá»i bá»‡nh,cam káº¿t khá»i bá»‡nh,,,,,,,,ytsearch50:cam káº¿t khá»i bá»‡nh,medical_misinformation
youtube,shorts,cam káº¿t khá»i bá»‡nh,CFU__PxVPTw,PhÆ°Æ¡ng phÃ¡p chá»¯a háº¿t bá»‡nh cam káº¿t khá»i 100% #lolathuyyoga #chuabenh #lolathuy,PhÆ°Æ¡ng phÃ¡p chá»¯a háº¿t bá»‡nh cam káº¿t khá»i 100% #lolathuyyoga #chuabenh #lolathuy,2025-07-30,LolaThuy yoga,UC2JsYlJvWBo82Cte-vNor8A,@LolaThuyyoga,6,567,https://www.youtube.com/watch?v=CFU__PxVPTw,medical_misinformation
youtube,shorts,cam káº¿t khá»i bá»‡nh,gM0N1WYdMCo,Cam káº¿t chá»¯a khá»i bá»‡nh,,2021-05-30,LÃª Cáº£nh HÆ°ng,UCJOtv_lI5PLQEfPqka2V0zw,@lecanhhung3842,33,8,https://www.youtube.com/watch?v=gM0N1WYdMCo,medical_misinformation
youtube,shorts,cam káº¿t khá»i bá»‡nh,iijohZ-cu9M,Sá»° THáº¬T SAU CAM Káº¾T KHá»I 100% Bá»†NH XÆ¯Æ NG KHá»šP? BÃ¡c sÄ© xÆ°Æ¡ng khá»›p KhÃ¡nh VÃ¢n - 0347 609 273,"Sá»© má»‡nh cá»§a tÃ´i lÃ  mang tá»›i sá»©c khá»e cho bÃ  con.
TÃ´i há»— trá»£ bÃ  con chá»§ yáº¿u trong lÄ©nh vá»±c xÆ°Æ¡ng khá»›p, bÃ  con cáº§n há»— trá»£ vá» xÆ°Æ¡ng khá»›p, liÃªn há»‡ tÃ´i qua sá»‘ Ä‘iá»‡n thoáº¡i: 0347 609 273",2020-12-03,KhÃ¡nh VÃ¢n VÅ© Thá»‹,UCuuDeg0AilzsyF-YqCa_LlQ,@khanhvanvuthi5217,19,7,https://www.youtube.com/watch?v=iijohZ-cu9M,medical_misinformation
youtube,shorts,cam káº¿t khá»i bá»‡nh,jnKqBnjNT5Y,NhÃ¬n trá»±c tiáº¿p má»›i biáº¿t hÃºt thuá»‘c cÃ³ háº¡i nhÆ° tháº¿ nÃ o,,2025-08-21,Chá»‹ em máº§n Ä‘áº¹p,UCazx3ftiSUlvTMk-IMnx5AA,@chiemmandepp,11,11537281,https://www.youtube.com/watch?v=jnKqBnjNT5Y,medical_misinformation
youtube,shorts,cam káº¿t khá»i bá»‡nh,M3aTkbdh20U,"U60 Bá»‹ ThoÃ¡t Vá»‹ ÄÄ©a Äá»‡m, Thá»­ Ngay BÃ i Trá»‹ Liá»‡u Sau #shorts","U60 Bá»‹ ThoÃ¡t Vá»‹ ÄÄ©a Äá»‡m, Thá»­ Ngay BÃ i Trá»‹ Liá»‡u Sau #shorts",2024-06-18,Kim Ba Yoga,UCVAlCAxsdAXrYoTnU90BJYQ,@dangkimba,44,159943,https://www.youtube.com/watch?v=M3aTkbdh20U,medical_misinformation
youtube,shorts,cam káº¿t khá»i bá»‡nh,MJmT_Jjfk_s,CÃ¡ch Ä‘á»ƒ con uá»‘ng nÆ°á»›c cam | KAHIHA Family,,2023-05-03,KAHIHA family ,UC_hpsDXouPd9tPHWV6NG6xA,@kahiha,15,15266392,https://www.youtube.com/watch?v=MJmT_Jjfk_s,medical_misinformation
youtube,shorts,cam káº¿t khá»i bá»‡nh,NsIeNpKLyrY,Thá»­ ThÃ¡ch 1 NgÃ y Giáº£m 1 Kg VÃ  CÃ¡i Káº¿t Cháº¥n Äá»™ng ! #shorts || Yáº¿n Ná»“i CÆ¡m Äiá»‡n,"GhÃ© ThÄƒm Shop Cá»§a Yáº¿n toÃ n Ä‘á»“ háº¥p dáº«n nÃ¨: https://yen09082001.kol.eco/
Má»i ngÆ°á»i Æ¡i ! á»§ng há»™ vÃ  Ä‘Äƒng kÃ­ giÃºp Yáº¿n mau sá»›m Ä‘áº¡t 1,5tr subscribe vá»›i áº¡ Ä‘á»ƒ Yáº¿n cÃ³ thÃªm nhiá»u Ä‘á»™ng lá»±c lÃ m cÃ¡c video hay hÆ¡n !! cáº£m Æ¡n má»i ngÆ°á»i !
Thá»­ ThÃ¡ch 1 NgÃ y Giáº£m 1 Kg VÃ  CÃ¡i Káº¿t Cháº¥n Äá»™ng ! #shorts || Yáº¿n Ná»“i CÆ¡m Äiá»‡n

LiÃªn Há»‡ Há»£p TÃ¡c: bookingyenncd9319@gmail.com or 0935499307 (Ms. Rose)

#yennoicomdien #yenncd #yenthichreview

Follow Yáº¿n nha:
Youtube Yáº¿n Ná»“i CÆ¡m Äiá»‡n: https://popsww.com/YenNoiComDien
Tiktok Yáº¿n Ná»“i CÆ¡m Äiá»‡n: https://www.tiktok.com/@yennoicomdien?
Youtube Yáº¿n ThÃ­ch Review:
https://www.youtube.com/channel/UCGJHY8Q9TMIfIlprV32cNXQ/featured
Tiktok Yáº¿n ThÃ­ch Review: https://www.tiktok.com/@yenncd_review?lang=vi-VN
Facebook:https://www.facebook.com/NBHY17982001
Group Gia ÄÃ¬nh Yáº¿n Ná»“i CÆ¡m Äiá»‡n ğŸ¤¡ https://www.facebook.com/groups/1108852636190392/?ref=share

** Náº¿u cÃ³ báº¥t kÃ¬ váº¥n Ä‘á» nÃ o liÃªn quan Ä‘áº¿n báº£n quyá»n, vui lÃ²ng gá»­i mÃ¬nh email phÃ­a trÃªn Ä‘á»ƒ mÃ¬nh cÃ¹ng nhau thá»‘ng nháº¥t cÃ¡ch giáº£i quyáº¿t. Cáº£m Æ¡n sá»± há»£p tÃ¡c tá»« báº¡n !!
Â© Báº£n quyá»n thuá»™c vá» Yáº¿n Ná»“i CÆ¡m Äiá»‡n
Â© Copyright Yáº¿n Ná»“i CÆ¡m Äiá»‡n & Do not Reup",2022-12-29,Yáº¿n Ná»“i CÆ¡m Äiá»‡n,UC7E8Pnn_Dt9SVpVsE7LDnfw,@yennoicomdien,54,23355685,https://www.youtube.com/watch?v=NsIeNpKLyrY,medical_misinformation
youtube,shorts,cam káº¿t khá»i bá»‡nh,O6-NFeJDQoc,Khi ngÆ°á»i yÃªu vÃ  báº¡n thÃ¢n Äƒn thá»«a kiá»ƒu #Shorts,"ChÃ o má»«ng má»i ngÆ°á»i Ä‘Ã£ trá»Ÿ láº¡i kÃªnh youtube cá»§a mÃ¬nh ğŸ˜†
Ráº¥t vui Ä‘Æ°á»£c gáº·p láº¡i cÃ¡c báº¡n ğŸ’•, Ä‘á»«ng quÃªn like, Ä‘Äƒng kÃ­ vÃ  báº¥m chuÃ´ng á»§ng há»™ Äáº¡t trong cÃ¡c video tiáº¿p theo nhÃ© â¤ï¸ 
Theo dÃµi Äáº¡t trÃªn:
ğŸ”¹ TikTok: https://www.tiktok.com/@datdo0803
ğŸ”¹ Facebook: https://www.facebook.com/dodat0803
ğŸ”¹ Fanpage: https://www.facebook.com/datdo0803
ğŸ“© Contact for works: dodatofficial@gmail.com

#dodatofficial #dodat #dodattiktok #tiktok #dotiendat #giaitri #haihuoc #shorts 
----------------------/----------------------
Â© Báº£n quyá»n thuá»™c vá» Äá»— Äáº¡t Official
Â© Copyright by Äá»— Äáº¡t Official â˜ Do not Reup",2023-04-27,Äá»— Äáº¡t Official,UCwn96A46mCiH1caoMhWfyBQ,@datdo0803,51,21220175,https://www.youtube.com/watch?v=O6-NFeJDQoc,medical_misinformation
youtube,shorts,cam káº¿t khá»i bá»‡nh,pRDd08YIY2Q,Chá»¯a TrÄ©-Khá»i bá»‡nh má»›i cáº§n thanh toÃ¡n-cam káº¿t khÃ´ng khá»i táº·ng 10 triá»‡u - báº£o hÃ nh trá»n Ä‘á»i4,Chá»¯a TrÄ©-Khá»i bá»‡nh má»›i cáº§n thanh toÃ¡n-cam káº¿t khÃ´ng khá»i táº·ng 10 triá»‡u - báº£o hÃ nh trá»n Ä‘á»i4,2021-03-04,HoÃ ng Quyáº¿t,UCzBn07634LhFbC9WxNnKhxg,@hoangquyet9883,51,15,https://www.youtube.com/watch?v=pRDd08YIY2Q,medical_misinformation
youtube,shorts,cam káº¿t khá»i bá»‡nh,QfdzHK7Bf20,Chá»‰ sá»‘ Ä‘Æ°á»ng huyáº¿t bao nhiÃªu cáº£nh bÃ¡o bá»‡nh tiá»ƒu Ä‘Æ°á»ng? | Dr Ngá»c #shorts #short #drngoc,"HÃ£y Ä‘Äƒng kÃ½ kÃªnh cá»§a Dr Ngá»c Ä‘á»ƒ theo dÃµi cÃ¡c video sau: https://drngoc.vn/youtube

------------------------------------------------------
LiÃªn há»‡ TÆ° Váº¥n:
ğŸ”µ Zalo: https://drngoc.vn/tuvan
ğŸ”µ Mes: http://m.me/drngoclaser.vn
------------------------------------------------------
CÃC TRANG CHÃNH THá»¨C Cá»¦A Dr NGá»ŒC
ğŸ‘‰ Fanpage: https://drngoc.vn/fanpage
ğŸ‘‰ TikTok: https://drngoc.vn/tiktok
ğŸ‘‰ Website: https://drngoc.vn
ğŸ‘‰ Zalo Official: https://zalo.me/3537479183397239216
------------------------------------------------
Â© Báº£n quyá»n thuá»™c vá» Dr Ngoc Official
Â© Copyright by Dr Ngoc Official â˜ Do not Reup",2024-03-03,Dr Ngá»c Official ,UCYO8RPtaJnD2bxC8CZl1_PA,@DrNgocOfficial,50,216380,https://www.youtube.com/watch?v=QfdzHK7Bf20,medical_misinformation
youtube,shorts,cam káº¿t khá»i bá»‡nh,QLIf4WdElPI,Hay cháº£y mÃ¡u cam cáº£nh bÃ¡o cÆ¡ thá»ƒ Ä‘ang thiáº¿u cháº¥t gÃ¬? | BÃ¡o Lao Äá»™ng,"BÃO LAO Äá»˜NG | ThÆ°á»ng xuyÃªn cháº£y mÃ¡u cam cÃ³ thá»ƒ lÃ  dáº¥u hiá»‡u cáº£nh bÃ¡o viá»‡c cÆ¡ thá»ƒ Ä‘ang bá»‹ thiáº¿u há»¥t má»™t loáº¡i vitamin.

Má»i quÃ½ vá»‹ vÃ  cÃ¡c báº¡n xem thÃªm: https://laodong.vn/media
â”€â”€â”€â”€â”€â”€â”€â”€â”€â”€â”€â”€â”€â”€â”€â”€â”€â”€â”€â”€â”€â”€â”€â”€â”€â”€â”€â”€â”€â”€
Báº£n quyá»n thuá»™c BÃ¡o Lao Äá»™ng â€“ CÆ¡ quan cá»§a Tá»•ng LiÃªn Ä‘oÃ n Lao Ä‘á»™ng Viá»‡t Nam.
* Website: https://laodong.vn
* ÄÆ°á»ng dÃ¢y nÃ³ng: 096 838 3388
* Email: baolaodongdientu@gmail.com
* Fanpage: https://www.facebook.com/LaoDongTVOnline/

#baolaodong #bld",2024-11-19,BÃ¡o Lao Äá»™ng,UCr8i-5AIxdiJbI0HdGdUzIA,@LaoDongTVOnline,55,25580,https://www.youtube.com/watch?v=QLIf4WdElPI,medical_misinformation
youtube,shorts,cam káº¿t khá»i bá»‡nh,QO-oKyGUEHk,báº¥t ngá» xuáº¥t hiá»‡n vá»‹ tháº§y láº¡ cam káº¿t chá»¯a bá»‡nh cho anh SÆ¡n 3 ngÃ y sáº½ khá»i,,2025-12-12,SÃ³c Ghe Ngo 83,UCHQOdVYYEyO6KDXdkgEi9hg,@socghengo83,22,38743,https://www.youtube.com/watch?v=QO-oKyGUEHk,medical_misinformation
youtube,shorts,cam káº¿t khá»i bá»‡nh,v9lO33cjjYg,Chá»¯a TrÄ©-Khá»i bá»‡nh má»›i cáº§n thanh toÃ¡n-cam káº¿t khÃ´ng khá»i táº·ng 10 triá»‡u - báº£o hÃ nh trá»n Ä‘á»i1,Chá»¯a TrÄ©-Khá»i bá»‡nh má»›i cáº§n thanh toÃ¡n-cam káº¿t khÃ´ng khá»i táº·ng 10 triá»‡u - báº£o hÃ nh trá»n Ä‘á»i1,2021-03-04,HoÃ ng Quyáº¿t,UCzBn07634LhFbC9WxNnKhxg,@hoangquyet9883,56,14,https://www.youtube.com/watch?v=v9lO33cjjYg,medical_misinformation
youtube,shorts,cam káº¿t khá»i bá»‡nh,VTnJnUuttpg,"xe khÃ´ng chÃ­nh chá»§, mua bÃ¡n qua nhiá»u Ä‘á»i váº«n Ä‘Æ°á»£c sang tÃªn, #xuhuong #pvtamnguyen #tiktoknews #bien","xe khÃ´ng chÃ­nh chá»§, mua bÃ¡n qua nhiá»u Ä‘á»i váº«n Ä‘Æ°á»£c sang tÃªn, #xuhuong #pvtamnguyen #tiktoknews #biensodinhdanh #xemaycu, #sangtenxe,#dangkyxe,#cavetxe, #oto, #xemay, #uyquenxe, #shorst 
----------
ÄÄ‚NG KÃ DÃ™NG THá»¬ PHáº¦N Má»€M:  https://easyinvoices.vn/bang-gia-chu-ky-so/
----------
ÄÄ‚NG KÃ  LÃ€M Äáº I LÃ: https://easyinvoices.vn/dang-ky-lam-dai-ly/
----------
KÃŠNH TÆ¯ Váº¤N VÃ€ Há»– TRá»¢ KHÃCH HÃ€NG Cá»¦A EASYINVOICES
- TÆ° váº¥n hÃ³a Ä‘Æ¡n Ä‘iá»‡n tá»­: 0962583777 - 0888162656
- Há»— trá»£ ká»¹ thuáº­t vÃ  CSKH: 1900 56 56 53 -  0964263333
KÃŠNH CUNG Cáº¤P THÃ”NG TIN Má»šI NHáº¤T Vá»€ THUáº¾, Káº¾ TOÃN
 Website: https://easyinvoices.vn/
                  https://phanmembaohiemxahoi.com/
                  https://phanmembaohiem.com/

- NhÃ³m cá»™ng Ä‘á»“ng sá»­ dá»¥ng hÃ³a Ä‘Æ¡n Ä‘iá»‡n tá»­, chá»¯ kÃ½ sá»‘ vÃ  pháº§n má»m báº£o hiá»ƒm xÃ£ há»™i: https://www.facebook.com/groups/800142297731231
- Trang Fanpage: https://fb.watch/lZI5ezAmSG/
- Zalo: 096 426 3333",2023-09-12,Sá»‘ HÃ³a Doanh Nghiá»‡p,UC4vIl1vL0meY4c4tV_wx5cQ,@linkensohoadoanhnghiep,42,2316999,https://www.youtube.com/watch?v=VTnJnUuttpg,medical_misinformation
youtube,shorts,cam káº¿t khá»i bá»‡nh,XP-l_CW9eQw,BÃ´ng Ä‘u Ä‘á»§ Ä‘á»±c há»— trá»£ Ä‘iá»u trá»‹ bá»‡nh ung thÆ° - LÆ°Æ¡ng Y Nguyá»…n CÃ´ng Äá»©c,,2023-11-28,LÆ°Æ¡ng y Nguyá»…n CÃ´ng Äá»©c,UCnOuAN2OoH-uwU4jgeH9Wlg,@luongynguyencongduc,59,1881433,https://www.youtube.com/watch?v=XP-l_CW9eQw,medical_misinformation
youtube,shorts,cam káº¿t khá»i bá»‡nh,YRZX1KlYe9E,"CÃ¡ch thÃ´ng mÅ©i khi bá»‹ ngháº¹t, cháº£y mÅ©i.","#chiase #chaymui #phongbenh #drphanhongson

HÃ£y Ä‘Äƒng kÃ½ kÃªnh Dr Phan Há»“ng SÆ¡n Official Ä‘á»ƒ nháº­n Ä‘Æ°á»£c video má»›i ngay láº­p tá»©c.

Káº¿t ná»‘i vá»›i Dr Phan Há»“ng SÆ¡n:
Zalo: 0916225707
Mail: hongson790@gmail.com
Facebook: https://www.facebook.com/son790
Page: https://www.facebook.com/Dr.phanhongson",2021-08-19,Dr Phan Há»“ng SÆ¡n,UC2O5WFhgi1QetFJYj_8phmQ,,23,737065,https://www.youtube.com/watch?v=YRZX1KlYe9E,medical_misinformation
youtube,shorts,cam káº¿t khá»i bá»‡nh,Z2Y3UCQ7bWw,"CÄƒn Bá»‡nh Tháº§n Kinh Hay Gáº·p NhÆ°ng Láº¡i Dá»… Nháº§m Vá»›i Bá»‡nh Tim Máº¡ch, Bá»‡nh TiÃªu HÃ³a | SKÄS #shorts","SKÄS | CÄƒn Bá»‡nh Tháº§n Kinh Hay Gáº·p NhÆ°ng Láº¡i Dá»… Nháº§m Vá»›i Bá»‡nh Tim Máº¡ch, Bá»‡nh TiÃªu HÃ³a
#roiloanthankinhthucvat #hoihoptrongnguc #huyetapthatthuong # huthoi #bunrunchantay #mohoitrom #bshoangoxy #oxycaoap 
Video Ä‘Æ°á»£c thá»±c hiá»‡n bá»Ÿi BÃ¡c sÄ© Nguyá»…n Huy HoÃ ng - Trung tÃ¢m oxy cao Ã¡p Viá»‡t - Nga

Má»i quÃ½ vá»‹ vÃ  cÃ¡c báº¡n xem thÃªm: 

ğŸ”†NÃºt SHARE cá»§a báº¡n giá» Ä‘Ã¢y ráº¥t há»¯u Ã­ch 
--------------------
ğŸ‘BÃ¡o Sá»©c khá»e vÃ  Äá»i sá»‘ng â€“ CÆ¡ quan ngÃ´n luáº­n cá»§a Bá»™ Y táº¿
ğŸ–¥Website: http://suckhoedoisong.vn/
ğŸ’» FanPage: https://www.facebook.com/baosuckhoevadoisong/
ğŸ’»Youtube: https://bit.ly/Baosuckhoevadoisong
ğŸ’»Tiktok: https://bit.ly/3hOWND9

#skds #suckhoedoisong",2023-11-01,BÃ¡o Sá»©c khá»e & Äá»i sá»‘ng,UCD09NCZlzMj4yGvGkLbuBpw,@BaoSuckhoedoisongboyte,38,252830,https://www.youtube.com/watch?v=Z2Y3UCQ7bWw,medical_misinformation
youtube,shorts,chá»¯a khá»i 100%,-qIAYFx50EM,CHá»®A Bá»†NH TRÄ¨ KHá»I Háº²N 100% KHÃ”NG TÃI Láº I CÃ¢y Chá»¯a Bá»‡nh Chá»¯a Bá»‡nh trÄ© ná»™i trÄ© ngoáº¡i  #Shorts#,"CÃC LOáº I CÃ‚Y CHá»®A Bá»†NH Táº I VN CÃ‚Y CHá»®A Bá»†NH Sá»¨C KHá»E Má»–I NGÃ€Y CÃ‚Y THUá»C QUÃ CÃ‚Y CHá»®A Bá»†NH #Shorts#
Quáº£ Khá»•ng Lá»“ KÃªnh Tá»•ng Há»£p CÃ¡c Loáº¡i Quáº£ Khá»•ng Lá»“ cÃ¡c loáº¡i cÃ´n trÃ¹ng Ä‘á»™ng váº­t Khá»•ng Lá»“#Shorts#",2021-09-07,Tin Tá»•ng Há»£p Tin Má»›i HÃ ng NgÃ y,UCJT-A-5sTI1J7SwALfAkTGQ,@tintonghoptinmoihangngay5671,55,34300,https://www.youtube.com/watch?v=-qIAYFx50EM,medical_misinformation
youtube,shorts,chá»¯a khá»i 100%,33sqrpvf99s,Máº¹o Háº¿t Ngháº¹t MÅ©i Chá»‰ Trong 10s KhÃ´ng Bao Giá» TÃ¡i Láº¡i | DÆ°á»£c SÄ© Tá»‘ng Äá»©c #Shorts,"ChÃ o má»«ng QuÃ½ anh chá»‹ vÃ  cÃ¡c báº¡n Ä‘Ã£ Ä‘áº¿n vá»›i kÃªnh youtube chÃ­nh thá»©c cá»§a DÆ°á»£c SÄ© Tá»‘ng Äá»©c. 

KÃªnh Youtube lÃ  gÃ³c chia sáº» nhá»¯ng kiáº¿n thá»©c chÄƒm sÃ³c sá»©c khá»e, sá»‘ng khá»e, kiáº¿n thá»©c y khoa, y dÆ°á»£c nhanh nháº¥t vÃ  chÃ­nh xÃ¡c nháº¥t giÃºp cho cá»™ng Ä‘á»“ng cÃ³ kháº£ nÄƒng tá»± chÄƒm sÃ³c sá»©c khá»e, Ä‘iá»u trá»‹ vÃ  chá»¯a cÃ¡c bá»‡nh thÆ°á»ng gáº·p hÃ ng ngÃ y.

Trong quÃ¡ trÃ¬nh chia sáº» kiáº¿n thá»©c vá» chÄƒm sÃ³c sá»©c khá»e, sá»‘ng khá»e, sá»­ dá»¥ng cÃ¡c loáº¡i dÆ°á»£c pháº©m Ä‘á»ƒ Ä‘iá»u trá»‹ vÃ  phÃ²ng chá»‘ng bá»‡nh lÃ½ sáº½ cÃ³ trÆ°á»ng há»£p khÃ´ng Ä‘Æ°á»£c phÃ¹ há»£p vÃ¬ liÃªn quan Ä‘áº¿n cÆ¡ Ä‘á»‹a, tÃ¬nh tráº¡ng giai Ä‘oáº¡n cá»§a bá»‡nh lÃ½. 

Do váº­y, quÃ½ khÃ¡n giáº£ theo dÃµi muá»‘n biáº¿t chÃ­nh xÃ¡c tÃ¬nh tráº¡ng vÃ  giai Ä‘oáº¡n bá»‡nh lÃ½ cá»§a mÃ¬nh thÃ¬ hÃ£y Ä‘áº¿n cÆ¡ sá»Ÿ y táº¿ gáº§n nháº¥t Ä‘á»ƒ khÃ¡m vÃ  nháº­n Ä‘Æ°á»£c phÃ¡c Ä‘á»“ Ä‘iá»u trá»‹ phÃ¹ há»£p nháº¥t.

Trong quÃ¡ trÃ¬nh sáº£n xuáº¥t ná»™i dung Tá»‘ng Äá»©c ráº¥t mong nháº­n Ä‘Æ°á»£c cÃ¡c Ä‘Ã³ng gÃ³p cá»§a quÃ½ khÃ¡n giáº£ cÃ³ chuyÃªn mÃ´n (Ä‘á»“ng nghiá»‡p) vÃ  khÃ¡n giáº£ Ä‘ang gáº·p tÃ¬nh tráº¡ng bá»‡nh lÃ½ Ä‘á»ƒ Tá»‘ng Äá»©c vÃ  Ä‘á»™i ngÅ© cÃ³ thá»ƒ ra Ä‘Æ°á»£c nhá»¯ng ná»™i dung chÃ­nh xÃ¡c vÃ  ká»‹p thá»i cáº£nh bÃ¡o Ä‘áº¿n cá»™ng Ä‘á»“ng cÅ©ng nhÆ° há»— trá»£ cÃ¡ nhÃ¢n khÃ¡n giáº£ Ä‘ang gáº·p pháº£i.

Theo dÃµi dÆ°á»£c sÄ© Tá»‘ng Äá»©c táº¡i: 

ğŸ‘‰ Youtube: https://bit.ly/3Azi4cy
ğŸ‘‰ Tiktok: https://bit.ly/3Gxd4J7
ğŸ‘‰ Facebook: https://bit.ly/3i1r6ID

Báº£n quyá»n thuá»™c vá» Leanup Media. 
Nguá»“n video: Sá»­ dá»¥ng nguá»“n tá»•ng há»£p theo luáº­t Fair use Youtube. Náº¿u báº¡n váº«n tháº¥y vi pháº¡m hÃ£y liÃªn há»‡ vá»›i quáº£n trá»‹ kÃªnh Ä‘á»ƒ giáº£i quyáº¿t qua email: duchup64@gmail.com

#DuocSiTongDuc #sá»©ckhá»e #sá»‘ngkhá»e# kienthucyduoc #duocsitongduc #Tá»‘ngÄá»©ctiktok #kiáº¿nthá»©cykhoa #ChÄƒmSÃ³cSá»©cKhá»e #songkhoe #suckhoe",2021-12-03,DÆ¯á»¢C SÄ¨ Tá»NG Äá»¨C,UC1UCw4PDf0q4isk_d0Q0j9Q,@DuocSiTongDuc,27,422885,https://www.youtube.com/watch?v=33sqrpvf99s,medical_misinformation
youtube,shorts,chá»¯a khá»i 100%,5-ziYXB8uKk,Trá»‹ má»¥n Ä‘áº§u Ä‘en báº±ng chanh #shorts,"ğŸ’¥ Linh Anh Academy táº·ng MIá»„N PHÃ 10 SUáº¤T Há»ŒC TRá»°C TIáº¾P, Ä‘á»ƒ láº¡i thÃ´ng tin Ä‘Äƒng kÃ½ táº¡i: https://docs.google.com/forms/d/1Dl4TECBKi1a8q3giw0dfWQcxCZ4XpRykb3DK_EdojsU/edit
ğŸ“Œ LÆ°u Ã½: Link sáº½ tá»± Ä‘á»™ng Ä‘Ã³ng khi Ä‘á»§ sá»‘ lÆ°á»£ng há»c viÃªn. Nhanh tay Ä‘Äƒng kÃ½ hoáº·c nháº¯n tin vá» Fanpage Ä‘á»ƒ Ä‘Æ°á»£c giá»¯ chá»—: https://m.me/daotaothammy.linhanh/
------------------------------------------------------

--------------------------------------------------------------
Má»i chi tiáº¿t vá» khÃ³a há»c xin má»i liÃªn há»‡:

â›³Há»† THá»NG ÄÃ€O Táº O THáº¨M Má»¸ QUá»C Táº¾ LINH ANH
ğŸ“ŒFacebook: https://bom.so/fzjyXl
ğŸ“ŒMessenger: https://m.me/daotaothammy.linhanh/
ğŸ“ŒWebsite: https://linhanhacademy.edu.vn/
ğŸ“ŒYoutube: https://bom.so/FVClLp
â˜ï¸ Hotline: 0905 399 666 - 0972623333
ğŸ”± Äá»‹a chá»‰ cÆ¡ sá»Ÿ 1: KÄT Váº¡n PhÃºc 26 ÄÆ°á»ng Nguyá»…n Thá»‹ Nhung, Hiá»‡p BÃ¬nh PhÆ°á»›c, Thá»§ Äá»©c, Tp. HCM
ğŸ”± Äá»‹a chá»‰ cÆ¡ sá»Ÿ 2: Sá»‘ 1063 CÃ¡ch Máº¡ng ThÃ¡ng 8 - PhÆ°á»ng ChÃ¡nh NghÄ©a - Tp. Thá»§ Dáº§u Má»™t - BÃ¬nh DÆ°Æ¡ng 
ğŸ”± Äá»‹a chá»‰ cÆ¡ sá»Ÿ 3: 136 Hai BÃ  TrÆ°ng - PhÆ°á»ng 6 - Tp. ÄÃ  Láº¡t
----------------.----------------.---------------
#hocspa
#hocthammy
#thammylinhanh",2022-09-20,TrÆ°á»ng ÄÃ o Táº¡o Tháº©m Má»¹ Quá»‘c Táº¿ Linh Anh,UC4bjlVi3WaWh1w-GYvG1dvw,@truongaotaothammyquoctelin9044,24,121465,https://www.youtube.com/watch?v=5-ziYXB8uKk,medical_misinformation
youtube,shorts,chá»¯a khá»i 100%,9plCiJl9tAI,BÃ¡c sÄ© LÃ¢n cam káº¿t chá»¯a khá»i 100%,,2024-02-07,LÃ¢n Anh,UCyhPZPT7X9ZSQXo03xkyILg,@Bacsialan,38,273,https://www.youtube.com/watch?v=9plCiJl9tAI,medical_misinformation
youtube,shorts,chá»¯a khá»i 100%,BR5_OUPJJNU,Báº¡n Ä‘Ã£ biáº¿t cÃ¡ch chá»¯a má»¥n cÃ³c hiá»‡u quáº£ táº¡i nhÃ  chÆ°a,,2021-04-02,ASIA GROUP,UCvAtqmLOPWjCAFZ9xi-w8wA,@AsiaGroup115,41,97437,https://www.youtube.com/watch?v=BR5_OUPJJNU,medical_misinformation
youtube,shorts,chá»¯a khá»i 100%,chá»¯a khá»i 100%,chá»¯a khá»i 100%,,,,,,,,ytsearch50:chá»¯a khá»i 100%,medical_misinformation
youtube,shorts,chá»¯a khá»i 100%,DLKxDWtq3_U,chá»¯a khá»i 100%,,2021-03-30,Ä‘áº¡t MIkenco,UC4zcX54wpDGEYvrxd-83JaA,@ngansut5970,13,101,https://www.youtube.com/watch?v=DLKxDWtq3_U,medical_misinformation
youtube,shorts,chá»¯a khá»i 100%,fcguxGQQUx4,TaÌc HaÌ£i Tá»« ThuoÌ‚Ìc Trá»‹ Rá»‘i Loáº¡n CÆ°Æ¡ng DÆ°Æ¡ng LÃ  GÃ¬? Báº¡n ÄÃ£ Sá»­ Dá»¥ng ÄÃºng CÃ¡ch? #shorts #menshealth,"TaÌc HaÌ£i Tá»« ThuoÌ‚Ìc Trá»‹ Rá»‘i Loáº¡n CÆ°Æ¡ng DÆ°Æ¡ng LÃ  GÃ¬?
CÃ¹ng nghe BÃ¡c sÄ© Pháº¡m HoÃ ng VÅ© - Trung TÃ¢m Sá»©c Khoáº» Nam Giá»›i Men's Health chia sáº».

LiÃªn há»‡ hotline 0902 353 353 hoáº·c lnbox fanpage Ä‘á»ƒ Ä‘Æ°á»£c MIá»„N PHÃ tÆ° váº¥n, giáº£i Ä‘Ã¡p tháº¯c máº¯c tá»« chuyÃªn gia nam khoa.
_______________________________
Trung tÃ¢m Sá»©c khá»e Nam giá»›i MENâ€™S HEALTH
ğŸ  7B/31 ThÃ nh ThÃ¡i, P.14, Q.10, TP.HCM
â˜ï¸ 0902 353 353
ğŸŒ menhealth.vn

#TrungTamSucKhoeNamGioi #MensHealth #BacSiNamKhoa #catbaoquydau #PhongKhamNamKhoaTPHCM
#Shorts",2022-06-15,Trung tÃ¢m sá»©c khá»e Nam Giá»›i Men's Health,UCauAKzdxRkcxYTr9cWkX6Rw,@trungtamsuckhoenamgioimens7985,31,13155,https://www.youtube.com/watch?v=fcguxGQQUx4,medical_misinformation
youtube,shorts,chá»¯a khá»i 100%,Gga4jU7Fvj8,TOi cAm káº¾t chá»®A khá»i 100%  | By Cup,"Láº§n Ä‘áº§u shade máº¯t kiá»ƒu nÃ y :)
CÃ“ váºº Ä‘Æ¯á»¢c",2021-03-29,Cupi ğŸ™ˆâœ¨,UCWW-Z_jTOa_KVBJsy81os2Q,@cupi5559,16,166,https://www.youtube.com/watch?v=Gga4jU7Fvj8,medical_misinformation
youtube,shorts,chá»¯a khá»i 100%,jAourxPmm4o,Chá»¯a khá»i 100% nhe ae!,"Vitamin G# Girl xinh# Bá»• máº¯t.
Xin chÃ o má»i ngÆ°á»i Ä‘Ã£ Ä‘áº¿n vá»›i kÃªnh Thuá»‘c Bá»• Cuá»™c Sá»‘ng Cáº£m Æ¡n má»i ngÆ°á»i Ä‘Ã£ xem video.
â¤ï¸ğŸ’˜ HÃ£y xem vÃ  Ä‘Äƒng kÃ½ kÃªnh á»¦ng há»™ mÃ¬nh vá»›i má»i ngÆ°á»i. Äá»ƒ mÃ¬nh cÃ³ Ä‘á»™ng lá»±c kiáº¿m thuá»‘c bá»• cho má»i ngá»«oi hÃ ng ngÃ y áº¡.
Xin cáº£m Æ¡n!
ğŸ’•â£ï¸HÃ£y Ä‘Äƒng kÃ½ kÃªnh YouTube Thuá»‘c bá»• cuá»™c sá»‘ng Ä‘á»ƒ xem nhiá»u video nhÃ©!
https://youtube.com/channel/UCFLzGvefT_c7KSlE9eXEejw",2021-04-14,Thuá»‘c bá»• Cuá»™c sá»‘ng,UCFLzGvefT_c7KSlE9eXEejw,@thuocbocuocsong2603,15,8,https://www.youtube.com/watch?v=jAourxPmm4o,medical_misinformation
youtube,shorts,chá»¯a khá»i 100%,l1DHgpcBBCU,TÃ´i Cam Káº¿t Chá»¯a Khá»i 100%... VÃ  CÃ¡i Káº¿t Nhá»©c NÃ¡ch,TÃ´i Cam Káº¿t Chá»¯a Khá»i 100%... VÃ  CÃ¡i Káº¿t Nhá»©c NÃ¡ch,2021-03-31,Tik Tok Channel,UCZ94LSXSQSNhnmjnYxrZojg,@tiktokchannel2414,58,185,https://www.youtube.com/watch?v=l1DHgpcBBCU,medical_misinformation
youtube,shorts,chá»¯a khá»i 100%,nk8mwPkpJK4,Trá»‹ Cháº¥y (ChÃ­) Háº¿t 100% KhÃ´ng Tá»‘n Tiá»n #shorts,"â˜˜ï¸  ÄTT Thuá»· xin chÃ o cÃ¡c báº¡n
Trá»‹ Cháº¥y (ChÃ­) Háº¿t 100% KhÃ´ng Tá»‘n Tiá»n #shorts
1.CÃ¡ch trá»‹ cháº¥y (chÃ­) báº±ng háº¡t vÃ  muá»‘i
2.CÃ¡ch trá»‹ cháº¥y (chÃ­) báº±ng chanh vÃ  muá»‘i
3.CÃ¡ch trá»‹ cháº¥y (chÃ­) báº±ng giáº¥m vÃ  muá»‘i
4. CÃ¡ch trá»‹ cháº¥y (chÃ­) báº±ng rÆ°á»£u vÃ  muá»‘i
5. CÃ¡ch trá»‹ cháº¥y (chÃ­) báº±ng nÆ°á»›c Ã©p cÃ¡ chua vÃ  muá»‘i
-CÃ¡ch lÃ m nhÆ° sau:
Báº¡n dÃ¹ng há»—n há»£p nÃ y bÃ´i lÃªn tÃ³c, Ä‘á»ƒ khoáº£ng 15 â€“ 20 phÃºt rá»“i gá»™i sáº¡ch Ä‘áº§u vá»›i nÆ°á»›c. Báº¡n cÃ³ thá»ƒ láº·p láº¡i 2 Ä‘áº¿n 3 láº§n Ä‘á»ƒ Ä‘áº¡t hiá»‡u quáº£ hÆ¡n. 
ChÃºc cÃ¡c báº¡n thÃ nh cÃ´ng

â˜˜ï¸  Thuá»· muá»‘n chia sáº½ vá»›i cÃ¡c anh chá»‹ em nhá»¯ng bÃ i thuá»‘c dÃ¢n gian trong cuá»™c sá»‘ng háº±ng ngÃ y. ÄÃ´i khi nhá»¯ng bÃ i thuá»‘c dÃ¢n gian ráº¥t hiá»‡u qá»§a mÃ  chÃºng bá» quÃªn trong cuá»™c sá»‘ng hiá»‡n Ä‘áº¡i ngÃ y nay.

CÃ¡m Æ¡n cÃ¡c báº¡n Ä‘Ã£ xem video!
================================
+ Náº¿u cÃ¡c báº¡n thÃ­ch video nÃ y, hÃ£y Ä‘á»ƒ nháº¥n like, share vÃ  Ä‘á»ƒ láº¡i comment.
+ HÃ£y nháº¥n SUBSCRIBE/ÄÄ‚NG KÃ táº¡i: https://www.youtube.com/channel/UC-hU62bRsYC-kpftMiV5H0g ngay Ä‘á»ƒ theo dÃµi nhá»¯ng video má»›i nháº¥t tá»« Thá»§y nha
+ Thá»§y cáº£m Æ¡n ráº¥t nhiá»u
===============================
Chi tiáº¿t liÃªn há»‡:
YOUTUBE ÄTT Thá»§y:  https://www.youtube.com/channel/UC-hU62bRsYC-kpftMiV5H0g
â¤ï¸ Email: dttthuy79@gmail.com
â¤Facebook: https://www.facebook.com/doanthithuthuybd/
#trá»‹chÃ­ #trá»‹cháº¥y #ÄTT-Thá»§y",2021-07-23,ÄTT Thá»§y,UC-hU62bRsYC-kpftMiV5H0g,@ÄTTThuá»·,15,71572,https://www.youtube.com/watch?v=nk8mwPkpJK4,medical_misinformation
youtube,shorts,chá»¯a khá»i 100%,o0F8RTFpxkQ,cÃ¡ch trá»‹ má»¥n Ä‘áº§u Ä‘en cá»±c hiá»‡u quáº£ #duongda #lamdeptainha #goclamdep #trimun,,2022-07-25,DÃ¢u TÃ¢y Channel,UCOk5ucAFxW8JxjOM-5Rd5OA,@dautaychanel4935,18,459591,https://www.youtube.com/watch?v=o0F8RTFpxkQ,medical_misinformation
youtube,shorts,chá»¯a khá»i 100%,O9XBFWmlCLo,CÃ¡ch trá»‹ sÃ¢u rÄƒng báº±ng tá»i,,2022-08-28,Hai Tran,UCSAHy00qyHT5gVdKs2W_Hog,@HaiTran-dh6pw,48,228048,https://www.youtube.com/watch?v=O9XBFWmlCLo,medical_misinformation
youtube,shorts,chá»¯a khá»i 100%,tp9QWKnnpjg,tik tok - Ä‘áº¡i y chá»¯a khá»i 100%,,2021-03-29,THNB,UCWsLCsWeJ5oc0rUt6PpoXOw,@thnb6043,22,173,https://www.youtube.com/watch?v=tp9QWKnnpjg,medical_misinformation
youtube,shorts,chá»¯a khá»i 100%,uvNUzB6fejE,"Cam káº¿t chá»¯a khá»i, 100%",,2021-04-05,ThÃ´ng tin há»¯u Ã­ch,UCN1tmfREGBrfZu9vtVyIl_A,@thongtinhuuich7187,40,132,https://www.youtube.com/watch?v=uvNUzB6fejE,medical_misinformation
youtube,shorts,chá»¯a khá»i 100%,WaIUBVXZ1SA,Máº¹o chá»¯a náº¥c cá»¥t mÃ  Ã­t ngÆ°á»i biáº¿t Ä‘áº¿n #shorts #xuhuong #trending #viral #drvitamin,"Cháº¯c cháº¯n táº¥t cáº£ má»i ngÆ°á»i Ä‘á»u Ä‘Ã£ bá»‹ náº¥c cá»¥t rá»“i Ä‘Ãºng khÃ´ng nÃ o? CÃ³ má»™t máº¹o chá»¯a náº¥c cá»¥t mÃ  ráº¥t Ã­t ngÆ°á»i biáº¿t Ä‘áº¿n. Follow dr vitamin vÃ  cÃ¹ng tÃ¬m hiá»ƒu nhÃ©
Dr Vitamin - Chuá»—i_siÃªu_thá»‹_Vitamin_sá»‘_1_Viá»‡t_Nam 
â˜ï¸ Hotline: (+84)987.827.327
ğŸŒ Website: https://drvitamin.vn
ğŸ“§ Email: info@drvitamin.vn
ğŸ“¸ Instagram: drvitamin.vn",2023-04-05,Dr Vitamin,UCnM3eYKwzDm568xyRsMWyhw,@drvitamin2151,47,802890,https://www.youtube.com/watch?v=WaIUBVXZ1SA,medical_misinformation
youtube,shorts,chá»¯a khá»i 100%,WsKiDgrTW7Y,"MUá»N SÃNG Máº®T, Háº¾T Cáº¬N THá»Š THá»¬ NGAY CÃCH NÃ€Y","ğŸ‘‰ Sá»‘ Ä‘iá»‡n thoáº¡i tÆ° váº¥n: 090.884.9669
ğŸ‘‰ LiÃªn há»‡ ZALO: https://zalo.me/0908849669
ğŸ‘‰ ThÃ´ng tin chi tiáº¿t: https://www.bscaocapnguyenbavuong.com/
MUá»N SÃNG Máº®T, Háº¾T Cáº¬N THá»Š THá»¬ NGAY CÃCH NÃ€Y
-----------------------------------------------------------------
***LÆ°u Ã½: tÃ¡c dá»¥ng cá»§a thuá»‘c, phÆ°Æ¡ng phÃ¡p Ä‘iá»u trá»‹ cÃ³ thá»ƒ thay Ä‘á»•i tÃ¹y theo tÃ¬nh tráº¡ng thá»ƒ cháº¥t ngÆ°á»i bá»‡nh. Má»i tháº¯c máº¯c vui lÃ²ng liÃªn há»‡ vá»›i chuyÃªn gia An Cá»‘t Nam Ä‘á»ƒ cÃ³ cÃ¢u tráº£ lá»i chÃ­nh xÃ¡c nháº¥t vá»›i tá»«ng tÃ¬nh tráº¡ng bá»‡nh lÃ½. LiÃªn há»‡ 
â–ªï¸ PHÃ’NG CHáº¨N TRá»Š Y Há»ŒC Cá»” TRUYá»€N TÃ‚M MINH ÄÆ¯á»œNG 
Äá»‹a chá»‰ HÃ  Ná»™i: 138 KhÆ°Æ¡ng ÄÃ¬nh â€“ Thanh XuÃ¢n â€“ HÃ  Ná»™i Giáº¥y phÃ©p hoáº¡t Ä‘á»™ng: 595/SYT-GPHÄ 
â–ªï¸ PHÃ’NG CHáº¨N TRá»Š Y Há»ŒC Cá»” TRUYá»€N AN DÆ¯á»¢C SÃ i GÃ²n: 325/19 Ä‘Æ°á»ng Báº¡ch Äáº±ng, phÆ°á»ng 15, quáº­n BÃ¬nh Tháº¡nh, TP. Há»“ ChÃ­ Minh 
Äiá»‡n thoáº¡i/Zalo: 090.884.9669
-------------------------------------------
#sangmat #chuacanthi #ancotnam",2021-03-31,Sá»©c Khá»e XÆ°Æ¡ng Khá»›p,UC4u8xdrjM3wgZwYM8mcVpAw,@suckhoexuongkhop8780,41,168503,https://www.youtube.com/watch?v=WsKiDgrTW7Y,medical_misinformation
youtube,shorts,chá»¯a khá»i 100%,ZAu1mzZiWI4,VÅ© Ä‘iá»‡u tÃ´i cam káº¿t chá»¯a khá»i 100% | trÃ o lÆ°u cÃ¡c cá»¥ khiÃªu vÅ©,"CÃ¡c cá»¥ khiÃªu vÅ©, trends tÃ´i cÃ¢m káº¿t chá»¯a khá»i 100%",2021-04-09,Bonsai Vietnams,UC7bozzd9MItxJymwOItrHtg,@bonsaivietnams591,30,50,https://www.youtube.com/watch?v=ZAu1mzZiWI4,medical_misinformation
youtube,shorts,chá»¯a khá»i 100%,ZNHrTUQlS_0,TÃ´i cam káº¿t chá»¯a khá»i 100% pháº§n trÄƒm - VÅ© Ä‘iá»‡u bÃ  giÃ ,,2021-03-30,NTD TV,UCr6ZfDRvmDwTcS_TNZGegxw,@ntdtv4105,22,2789,https://www.youtube.com/watch?v=ZNHrTUQlS_0,medical_misinformation
youtube,shorts,chá»¯a khá»i 100%,Zu0IEHvu0PE,Chá»¯a khá»i 100%,,2021-07-18,KhÃ¡nh ToÃ n BÃ­t TV PARODY,UCsX8S-GmUZDeQrVrt75Jt_A,@khanhtoanbittvparody7754,27,50,https://www.youtube.com/watch?v=Zu0IEHvu0PE,medical_misinformation
youtube,shorts,khÃ´ng tÃ¡i phÃ¡t,Cyz4_CdsfKw,"Sau khi Ä‘á»‘t, sÃ¹i mÃ o gÃ  cÃ³ TÃI PHÃT khÃ´ng? | Ths.Bs Tráº§n Quá»‘c Phong","SÃ¹i mÃ o gÃ  lÃ  má»™t bá»‡nh lÃ¢y truyá»n qua Ä‘Æ°á»ng tÃ¬nh dá»¥c do virus human papilloma (HPV) á»Ÿ ngÆ°á»i gÃ¢y ra. CÃ³ nhiá»u chá»§ng virus HPV khÃ¡c nhau, trong Ä‘Ã³, virus HPV loáº¡i 6 vÃ  11 lÃ  2 loáº¡i gÃ¢y ra bá»‡nh sÃ¹i mÃ o gÃ  á»Ÿ nam giá»›i vÃ  cáº£ ná»¯ giá»›i. CÃ¡ch Ä‘iá»u trá»‹ phá»• biáº¿n nháº¥t tÃ¬nh tráº¡ng sÃ¹i mÃ o gÃ  lÃ  Ä‘á»‘t sÃ¹i. Váº­y, liá»‡u viá»‡c Ä‘á»‘t sÃ¹i mÃ o gÃ  cÃ³ giÃºp Ä‘iá»u trá»‹ dá»©t Ä‘iá»ƒm tÃ¬nh tráº¡ng sá»©c khá»e nÃ y hay khÃ´ng, hÃ£y tÃ¬m hiá»ƒu ngay nhÃ© #suimaoga #dotsui #benhtinhduc #dieutri #std #hpv #suckhoe #saigonmedicine #benhxahoi",2024-10-15,Saigon Medicine,UCLc0swcfGCRGW11FTrWcJEg,@saigonmedicine,48,10362,https://www.youtube.com/watch?v=Cyz4_CdsfKw,medical_misinformation
youtube,shorts,khÃ´ng tÃ¡i phÃ¡t,fYS8NK-iS1g,ÄÃ£ má»• rÃ² háº­u mÃ´n rá»“i lÃ m sao phÃ²ng chá»‘ng tÃ¡i phÃ¡t #shorts #thsbsphananhtuanofficial,"Sau khi Ä‘Ã£ má»• rÃ² háº­u mÃ´n, viá»‡c phÃ²ng ngá»«a tÃ¡i phÃ¡t rÃ² háº­u mÃ´n ráº¥t quan trá»ng Ä‘á»ƒ trÃ¡nh tÃ¬nh tráº¡ng nÃ y trá»Ÿ láº¡i. DÆ°á»›i Ä‘Ã¢y lÃ  má»™t sá»‘ biá»‡n phÃ¡p báº¡n cÃ³ thá»ƒ thá»±c hiá»‡n Ä‘á»ƒ giáº£m nguy cÆ¡ tÃ¡i phÃ¡t:

Duy trÃ¬ vá»‡ sinh cÃ¡ nhÃ¢n tá»‘t: Rá»­a sáº¡ch vÃ¹ng háº­u mÃ´n sau khi Ä‘i tiÃªu, sá»­ dá»¥ng nÆ°á»›c áº¥m hoáº·c giáº¥y vá»‡ sinh má»m máº¡i Ä‘á»ƒ lau sáº¡ch. Äáº£m báº£o vÃ¹ng háº­u mÃ´n luÃ´n khÃ´ rÃ¡o Ä‘á»ƒ ngÄƒn sá»± phÃ¡t triá»ƒn cá»§a vi khuáº©n.
ChÄƒm sÃ³c da vÃ¹ng háº­u mÃ´n: Sá»­ dá»¥ng kem chÄƒm sÃ³c da chuyÃªn dá»¥ng Ä‘á»ƒ giá»¯ da vÃ¹ng háº­u mÃ´n má»m máº¡i vÃ  khÃ´ng bá»‹ kÃ­ch á»©ng. TrÃ¡nh sá»­ dá»¥ng cÃ¡c sáº£n pháº©m cÃ³ chá»©a hÃ³a cháº¥t hoáº·c mÃ¹i hÆ°Æ¡ng máº¡nh máº½ cÃ³ thá»ƒ kÃ­ch thÃ­ch da.
Dinh dÆ°á»¡ng cÃ¢n Ä‘á»‘i: Ä‚n uá»‘ng lÃ nh máº¡nh vÃ  giÃ u cháº¥t xÆ¡ cÃ³ thá»ƒ giÃºp duy trÃ¬ há»‡ tiÃªu hÃ³a lÃ nh máº¡nh, giáº£m nguy cÆ¡ tÃ¡o bÃ³n hoáº·c tiÃªu cháº£y, nhá»¯ng yáº¿u tá»‘ cÃ³ thá»ƒ gÃ¢y ra rÃ² háº­u mÃ´n.
TrÃ¡nh táº¡o Ã¡p lá»±c trÃªn vÃ¹ng háº­u mÃ´n: Háº¡n cháº¿ viá»‡c ngá»“i lÃ¢u hoáº·c Ä‘á»©ng lÃ¢u, Ä‘áº·c biá»‡t lÃ  trÃªn bá» máº·t cá»©ng. Náº¿u báº¡n pháº£i ngá»“i lÃ¢u, hÃ£y Ä‘áº£m báº£o ráº±ng báº¡n Ä‘ang sá»­ dá»¥ng gá»‘i Ä‘á»‡m hoáº·c gá»‘i Ã´m vÃ²ng quanh vÃ¹ng háº­u mÃ´n.
Thá»±c hiá»‡n cÃ¡c biá»‡n phÃ¡p váº­n Ä‘á»™ng: Táº­p thá»ƒ dá»¥c Ä‘á»u Ä‘áº·n cÃ³ thá»ƒ giÃºp cáº£i thiá»‡n tuáº§n hoÃ n mÃ¡u vÃ  há»— trá»£ há»‡ tiÃªu hÃ³a. Tuy nhiÃªn, trÃ¡nh cÃ¡c bÃ i táº­p náº·ng nhá»c hoáº·c Ã¡p lá»±c lá»›n trá»±c tiáº¿p lÃªn vÃ¹ng háº­u mÃ´n.
Thá»±c hiá»‡n kiá»ƒm tra Ä‘á»‹nh ká»³: Äá»‹nh ká»³ thÄƒm khÃ¡m vá»›i bÃ¡c sÄ© chuyÃªn khoa Ä‘á»ƒ kiá»ƒm tra sá»©c khá»e cá»§a vÃ¹ng háº­u mÃ´n vÃ  Ä‘áº£m báº£o khÃ´ng cÃ³ dáº¥u hiá»‡u tÃ¡i phÃ¡t rÃ² háº­u mÃ´n.
NgoÃ i ra, luÃ´n láº¯ng nghe vÃ  tuÃ¢n thá»§ hÆ°á»›ng dáº«n cá»§a bÃ¡c sÄ© hoáº·c nhÃ¢n viÃªn y táº¿ vá» cÃ¡ch chÄƒm sÃ³c sau má»• vÃ  cÃ¡c biá»‡n phÃ¡p phÃ²ng ngá»«a tÃ¡i phÃ¡t rÃ² háº­u mÃ´n.

ÄÃ¢y lÃ  kÃªnh youtube chÃ­nh thá»©c Ths Bs Phan Anh Tuáº¥n Official. Má»i báº£n quyá»n thuá»™c vá» Ths Bs Phan Anh Tuáº¥n Official
--------------ThÃ´ng tin liÃªn há»‡ -------------------
â–¶Youtube:                                    https://bit.ly/DangkykenhThsBsPhanAnhTuanOfficial
â–¶Fanpage FaceBook:                https://bit.ly/FanpageFBThsBsPhanAnhTuanOfficial
â–¶LiÃªn há»‡ SÄT:                             0989003766
â–¶Äá»‹a chá»‰:                                      766/1P SÆ° Váº¡n Háº¡nh ná»‘i dÃ i - P12 - Q10 - TPHCM (khu villa 766)
â–¶ https://bacsichinhminh.com/dat-lich-tu-van/
â–¶LINK Äáº¶T Lá»ŠCH Háº¸N KHÃM : https://forms.gle/KzKAR7CYiHrMYkhw6
Â© Báº£n quyá»n thuá»™c vá» Ths Bs Phan Anh Tuáº¥n Official
Â© Copyright by Ths Bs Phan Anh Tuáº¥n Official â˜ Do not Reup
Â© ï¸Äá»‘i vá»›i cÃ¡c váº¥n Ä‘á» báº£n quyá»n, vui lÃ²ng gá»­i Mail cho tÃ´i theo Ä‘á»‹a chá»‰: bacsichinhminh@yan1.vn
CÃ¡c báº¡n hÃ£y Sub á»§ng há»™ kÃªnh Youtube cá»§a Ths Bs Phan Anh Tuáº¥n Ä‘á»ƒ nháº­n Ä‘Æ°á»£c nhá»¯ng video kiáº¿n thá»©c má»›i vÃ  sá»›m nháº¥t nhÃ©: https://bit.ly/DangkykenhThsBsPhanAnhTuanOfficial
#rohaumon #thsbsphananhtuanofficial #thsbsphananhtuan

Tá»« khoÃ¡ tÃ¬m kiáº¿m trÃªn Google:
ths bs phan anh tuáº¥n official, ths bs phan anh tuan official, ths bs phan anh tuáº¥n, ths bs phan anh tuan, bá»‡nh trÄ©, trÄ©, trÄ© ná»™i, trÄ© ngoáº¡i, bá»‡nh rÃ² háº­u mÃ´n, rÃ² háº­u mÃ´n, rÃ² háº­u mÃ´n lÃ  gÃ¬, bá»‡nh máº¡ch lÆ°Æ¡n, nguyÃªn nhÃ¢n rÃ² háº­u mÃ´n, triá»‡u chá»©ng rÃ² háº­u mÃ´n, Ä‘Ã£ má»• rÃ² háº­u mÃ´n rá»“i lÃ m sao phÃ²ng chá»‘ng tÃ¡i phÃ¡t, Ä‘Ã£, má»•, rÃ², háº­u, mÃ´n, rá»“i, lÃ m, sao, phÃ²ng, chá»‘ng, tÃ¡i, phÃ¡t

Link Wikipedia: https://vi.wikipedia.org/wiki/H%E1%BA%ADu_m%C3%B4n

Link Video: https://youtu.be/fYS8NK-iS1g

Link Website: www.thsbsphananhtuan.com",2024-05-18,THS BS PHAN ANH TUáº¤N OFFICIAL,UCyyBwmLwgobr9-CSU9JuX3w,@ThsBsPhanAnhTuanOfficial,45,1060,https://www.youtube.com/watch?v=fYS8NK-iS1g,medical_misinformation
youtube,shorts,khÃ´ng tÃ¡i phÃ¡t,IQQ7pBUwOu8,Tá»” Äá»ˆA CÃ“ PHáº¢I LÃ€ Bá»†NH MÃƒN TÃNH Dá»„ TÃI PHÃT KHÃ”NG? NGUYÃŠN NHÃ‚N Bá»†NH Tá»” Äá»ˆA TÃI ÄI TÃI Láº I,"Tá»” Äá»ˆA CÃ“ PHáº¢I LÃ€ Bá»†NH MÃƒN TÃNH Dá»„ TÃI PHÃT KHÃ”NG? NGUYÃŠN NHÃ‚N Bá»†NH Tá»” Äá»ˆA TÃI ÄI TÃI Láº I ***
Äá»‚ ÄÆ¯á»¢C TÆ¯ Váº¤N VÃ€ Äáº¶T Lá»ŠCH KHÃM, VUI LÃ’NG ÄÄ‚NG KÃ Táº I:
â˜ HOTLINE: 0789 502 555 - 0789 503 555
ğŸ¥  Äá»‹a chá»‰: PhÃ²ng khÃ¡m Tuá»‡ Y ÄÆ°á»ng -166 Nguyá»…n Xiá»ƒn - Thanh XuÃ¢n - HÃ  Ná»™i
THá»œI GIAN KHÃM Bá»†NH:
ğŸ’Š Táº¥t cáº£ cÃ¡c ngÃ y trong tuáº§n: SÃ¡ng tá»« 8h00 - 12h00 // Chiá»u tá»« 13h30 - 21h00
ğŸŒ Website: https://tueyduong.com/
ğŸ“¬ Email: dongytueyduong@gmail.com
Fb Bs Thu Huyá»n: https://www.facebook.com/bstranthuhuyen
Fb bs Nháº­t Minh: https://www.facebook.com/bsminhTYD
Fb Bs ÄoÃ n Dung: https://www.facebook.com/Bsidoandung
Fanpage PhÃ²ng khÃ¡m Tuá»‡ Y ÄÆ°á»ng: https://www.facebook.com/DongyTueYDuong
Fanpage Bs Thu Huyá»n: https://www.facebook.com/BasiThuHuyen
Fanpage Bs ÄoÃ n Dung: https://www.facebook.com/BsDoanDung/",2025-07-26,Tuá»‡ Y ÄÆ°á»ng,UCHXRlUOGYAT9kkXGCcSQDZg,,53,1799,https://www.youtube.com/watch?v=IQQ7pBUwOu8,medical_misinformation
youtube,shorts,khÃ´ng tÃ¡i phÃ¡t,khÃ´ng tÃ¡i phÃ¡t,khÃ´ng tÃ¡i phÃ¡t,,,,,,,,ytsearch50:khÃ´ng tÃ¡i phÃ¡t,medical_misinformation
youtube,shorts,khÃ´ng tÃ¡i phÃ¡t,LX7knqaEa-w,5 Ä‘iá»u cáº§n nhá»› Ä‘á»ƒ má»¥n khÃ´ng tÃ¡i phÃ¡t? | Má»¥n tÃ¡i phÃ¡t nhiá»u láº§n | BÃ¡c sÄ© MÃ£ PhÆ°á»£ng,"5 Ä‘iá»u cáº§n nhá»› Ä‘á»ƒ má»¥n khÃ´ng tÃ¡i phÃ¡t? | Má»¥n tÃ¡i phÃ¡t nhiá»u láº§n | BÃ¡c sÄ© MÃ£ PhÆ°á»£ng

Má»™t trong nhá»¯ng váº¥n Ä‘á» nan giáº£i thÆ°á»ng gáº·p nháº¥t cá»§a nhá»¯ng ngÆ°á»i bá»‹ má»¥n trá»©ng cÃ¡, Ä‘Ã³ lÃ  má»¥n tÃ¡i Ä‘i tÃ¡i láº¡i, khÃ´ng khá»i má»™t cÃ¡ch triá»‡t Ä‘á»ƒ, khÃ³ dá»©t Ä‘iá»ƒm. Tháº­m chÃ­ Ä‘á»£t má»¥n sau cÃ²n nghiÃªm trá»ng hÆ¡n Ä‘á»£t trÆ°á»›c. Tháº¥u hiá»ƒu ná»—i lo nÃ y, bÃ¡c sÄ© MÃ£ PhÆ°á»£ng sáº½ chia sáº» 5 Ä‘iá»u cáº§n nhá»› Ä‘á»ƒ má»¥n khÃ´ng tÃ¡i phÃ¡t. CÃ¡c báº¡n hÃ£y xem háº¿t video Ä‘á»ƒ trÃ¡nh tÃ¬nh tráº¡ng má»¥n tÃ¡i phÃ¡t nhiá»u láº§n nhÃ©.

â™¥ Da má»¥n nÃªn Äƒn gÃ¬? | Thá»±c pháº©m tá»‘t cho da má»¥n? https://youtube.com/shorts/WyAD6PQgesM
â™¥ 5 thÃ³i quen xáº¥u khiáº¿n da má»¥n tá»‡ hÆ¡n? https://youtube.com/shorts/VKxYweRtHcU

Äá»«ng quÃªn báº¥m theo dÃµi kÃªnh BÃ¡c sÄ© MÃ£ PhÆ°á»£ng ngay dÆ°á»›i Ä‘Ã¢y Ä‘á»ƒ khÃ´ng bá» lá»¡ video má»›i nháº¥t tá»« BÃ¡c sÄ© MÃ£ PhÆ°á»£ng báº¡n nhÃ©
https://bit.ly/theodoibacsimaphuong
â™¥ Äá»ƒ nháº­n tÆ° váº¥n há»— trá»£ vá» Da: 
ğŸ“¨ Nháº¯n tin trá»±c tiáº¿p: http://m.me/BacsiMaPhuong 
qua link nÃ y báº¡n nhÃ©.

ğŸ“Œ Trang Facebook : https://facebook.com/BacsiMaPhuong

ğŸ“Œ Tham gia cá»™ng Ä‘á»“ng chÄƒm sÃ³c da khoa há»c cÃ¹ng BÃ¡c sÄ© MÃ£ PhÆ°á»£ng : 

https://bit.ly/congdongbacsimaphuong

ğŸ“Œ KÃªnh Tiktok : https://www.tiktok.com/@bacsimaphuong

ğŸ“Œ Website : http://bacsimaphuong.vn/

ğŸ“Œ Email há»£p tÃ¡c: maphuongytn@gmail.com

Â© Báº£n quyá»n thuá»™c vá» BÃ¡c sÄ© MÃ£ PhÆ°á»£ng
Â© Copyright by BÃ¡c sÄ© MÃ£ PhÆ°á»£ng â˜ Do not Reup

#bacsidalieu #bsmaphuong #maphuong #chamsocda #lamdep #trimun #muntrungca #cachphongchongmuntaiphatdongian",2023-02-11,BÃ¡c sÄ© MÃ£ PhÆ°á»£ng,UCvVDgao_xlNUh_CEYyOHvyA,@bacsimaphuong,22,1538,https://www.youtube.com/watch?v=LX7knqaEa-w,medical_misinformation
youtube,shorts,khÃ´ng tÃ¡i phÃ¡t,OqIimEVHYjc,Bá»‡nh tay chÃ¢n miá»‡ng cÃ³ tÃ¡i phÃ¡t khÃ´ng? | NhÃ  Thuá»‘c FPT Long ChÃ¢u,"CÃ³ nhiá»u báº­c cha máº¹ chá»§ quan khi cho ráº±ng tráº» Ä‘Ã£ tá»«ng bá»‹ bá»‡nh tay chÃ¢n miá»‡ng sáº½ khÃ´ng máº¯c láº¡i láº§n 2, tuy nhiÃªn trÃªn thá»±c táº¿ cÄƒn bá»‡nh nÃ y hoÃ n toÃ n cÃ³ thá»ƒ quay trá»Ÿ láº¡i trÃªn cÆ¡ thá»ƒ tráº» nhiá»u láº§n vÃ  nguy hiá»ƒm Ä‘áº¿n tÃ­nh máº¡ng cá»§a tráº».

Má»—i láº§n nhiá»…m bá»‡nh chá»‰ táº¡o ra khÃ¡ng thá»ƒ vá»›i má»™t loáº¡i vi rÃºt nháº¥t Ä‘á»‹nh, do Ä‘Ã³ thá»ƒ máº¯c bá»‡nh trá»Ÿ láº¡i náº¿u bá»‹ nhiá»…m vi rÃºt khÃ¡c thuá»™c nhÃ³m enterovirus. VÃ¬ váº­y, tráº» Ä‘Ã£ tá»«ng máº¯c bá»‡nh tay chÃ¢n miá»‡ng hoÃ n toÃ n cÃ³ nguy cÆ¡ tÃ¡i nhiá»…m. Táº¥t cáº£ nhá»¯ng ngÆ°á»i tiáº¿p xÃºc vá»›i tráº» bá»‹ tay chÃ¢n miá»‡ng Ä‘á»u cÃ³ nguy cÆ¡ bá»‹ nhiá»…m bá»‡nh.

Tá»· lá»‡ lÃ¢y truyá»n virus Ä‘Æ°á»ng ruá»™t cho ngÆ°á»i khá»e máº¡nh lÃ  17%, á»Ÿ ngÆ°á»i thÃ¢n vÃ  ngÆ°á»i tiáº¿p xÃºc trá»±c tiáº¿p vá»›i tráº» máº¯c bá»‡nh lÃ  23%. Káº¿t luáº­n nÃ y chá»©ng tá» táº¥t cáº£ nhá»¯ng ngÆ°á»i cÃ³ cÆ¡ há»™i tiáº¿p xÃºc vá»›i tráº» bá»‹ tay chÃ¢n miá»‡ng Ä‘á»u cÃ³ nguy cÆ¡ bá»‹ nhiá»…m bá»‡nh vÃ  tháº­m chÃ­ cÃ³ kháº£ nÄƒng lÃ¢y bá»‡nh cho ngÆ°á»i khÃ¡c.

Bá»‡nh tay chÃ¢n miá»‡ng lÃ  bá»‡nh truyá»n nhiá»…m lÃ¢y tá»« ngÆ°á»i sang ngÆ°á»i, dá»… gÃ¢y thÃ nh dá»‹ch do virÃºt Ä‘Æ°á»ng ruá»™t gÃ¢y ra. VÃ  Ä‘iá»u quan trá»ng cho Ä‘áº¿n hiá»‡n táº¡i váº«n chÆ°a cÃ³ váº¯c-xin phÃ²ng ngá»«a bá»‡nh tay chÃ¢n miá»‡ng, vÃ¬ tháº¿ kháº£ nÄƒng táº¡o khÃ¡ng thá»ƒ chá»‘ng láº¡i siÃªu vi gÃ¢y bá»‡nh tay chÃ¢n miá»‡ng lÃ  ráº¥t tháº¥p.

HÃ£y cÃ¹ng FPT Long ChÃ¢u nghe thÃªm nhá»¯ng chia sáº» cá»§a BÃ¡c sÄ© TrÆ°Æ¡ng Há»¯u Khanh nhÃ©!

#taychanmieng #hfmd #nhathuoclongchau #suckhoe #longchau #nhathuoc FPT Long ChÃ¢u

Hi vá»ng nhá»¯ng video mÃ  nhÃ  thuá»‘c FPT Long ChÃ¢u chia sáº» sáº½ giÃºp Ã­ch cho cÃ¡c báº¡n trong viá»‡c chÄƒm sÃ³c vÃ  báº£o vá»‡ sá»©c khoáº» báº£n thÃ¢n.

Báº¡n cÃ³ thá»ƒ xem thÃªm thÃ´ng tin vá» chÄƒm sÃ³c sá»©c khoáº» táº¡i: 
Website      : https://nhathuoclongchau.com
Fanpage     : https://fb.com/nhathuocfptlongchau
Tiktok         : https://www.tiktok.com/@nhathuocfptlongchau
Tá»•ng Ä‘Ã i tÆ° váº¥n, giáº£i Ä‘Ã¡p tháº¯c máº¯c: 1800 6928 (Miá»…n phÃ­)

Comment nháº­n xÃ©t Ä‘á»ƒ Ä‘á»ƒ cáº£i thiá»‡n vÃ  Ä‘Äƒng kÃ½ kÃªnh Ä‘á»ƒ á»§ng há»™ tá»¥i mÃ¬nh nhÃ©!",2022-06-08,NhÃ  Thuá»‘c FPT Long ChÃ¢u,UCj3sB-Bdu418gelPKyVkn-Q,@nhathuocfptlongchau,34,7347,https://www.youtube.com/watch?v=OqIimEVHYjc,medical_misinformation
youtube,shorts,khÃ´ng tÃ¡i phÃ¡t,p6yTkAmO9zM,Tráº» bá»‹ VA tÃ¡i phÃ¡t cÃ³ lÃªn náº¡o khÃ´ng?,HÃ£y like vÃ  share náº¿u báº¡n tháº¥y hay vÃ  Ã½ nghÄ©a nhÃ©!,2020-12-18,Háº£i sáº£n Háº±ng VÅ©,UC59dQK1ZZ6rGgEHDbiU1hKQ,@haisanhangvu4180,30,109,https://www.youtube.com/watch?v=p6yTkAmO9zM,medical_misinformation
youtube,shorts,khÃ´ng tÃ¡i phÃ¡t,qW_aPBezxvk,Sau Ä‘iá»u trá»‹ U gan cÃ³ tÃ¡i phÃ¡t khÃ´ng? #shorts,Sau Ä‘iá»u trá»‹ U gan cÃ³ tÃ¡i phÃ¡t khÃ´ng? #shorts,2023-11-05,TiÃªu hÃ³a TÃ¢m Anh,UCBcJbQO4ixFU_yxu4XK6R2A,@tieuhoata,50,2154,https://www.youtube.com/watch?v=qW_aPBezxvk,medical_misinformation
youtube,shorts,khÃ´ng tÃ¡i phÃ¡t,ZSbL8Y06w0U,ThoÃ¡t vá»‹ Ä‘Ä©a Ä‘á»‡m Ä‘Ã£ chá»¯a khá»i liá»‡u cÃ³ tÃ¡i phÃ¡t khÃ´ng ??? | #shorts | Tráº§n Äá»©c Tiáº¿n,ThoÃ¡t vá»‹ Ä‘Ä©a Ä‘á»‡m Ä‘Ã£ chá»¯a khá»i liá»‡u cÃ³ tÃ¡i phÃ¡t khÃ´ng ??? | #shorts | Tráº§n Äá»©c Tiáº¿n,2023-06-28,BÃ¡c sá»¹ Tiáº¿n official,UCaSoV0X0TnVTq9jfIbco2rQ,@bacsytienofficial6293,40,189,https://www.youtube.com/watch?v=ZSbL8Y06w0U,medical_misinformation
youtube,shorts,thuá»‘c gia truyá»n khá»i háº³n,4vjyZjGxq1A,Bá»‡nh Zona tháº§n kinh cÃ³ liÃªn quan gÃ¬ Ä‘áº¿n thá»§y Ä‘áº­u? | VNVC,"ğŸ”°Trung tÃ¢m TiÃªm chá»§ng VNVC cÃ³ Ä‘áº§y Ä‘á»§ váº¯c xin tráº» em vÃ  ngÆ°á»i lá»›n, khÃ´ng tÄƒng giÃ¡ vÃ  bÃ¬nh á»•n giÃ¡ trÃªn toÃ n quá»‘c, dá»‹ch vá»¥ cao cáº¥p 5 sao vá»›i nhiá»u Æ°u Ä‘Ã£i lá»›n.
ğŸ“ LiÃªn há»‡ vá»›i VNVC Ä‘á»ƒ nháº­n tÆ° váº¥n MIá»„N PHÃ vá» cÃ¡c gÃ³i tiÃªm chá»§ng tá»‘t nháº¥t.
======================================
Há»‡ thá»‘ng Trung tÃ¢m TiÃªm chá»§ng VNVC
ğŸ¥ Trá»¥ sá»Ÿ chÃ­nh: 180 TrÆ°á»ng Chinh, P. KhÆ°Æ¡ng ThÆ°á»£ng, Q. Äá»‘ng Äa,Tp. HÃ  Ná»™i
ğŸ“ Hotline: 02873006595
ğŸ¥ Há»‡ thá»‘ng chi nhÃ¡nh: https://vnvc.vn/he-thong-trung-tam-tiem-chung/
---------------------
Theo dÃµi Viá»‡n TiÃªm chá»§ng Viá»‡t Nam VNVC trÃªn: 
â–º Fanpage: https://www.facebook.com/trungtamtiemchungvnvc
â–º Subscribe: https://www.youtube.com/@vnvcofficial
â–º Website: https://vnvc.vn/
â–º Email: cskh@vnvc.vn
â–º Hotline: 028 7300 6595
â–º #VientiemchungVietNamVNVCâ€‹â€‹ #VNVC
--------------------- 
Â© Báº£n quyá»n thuá»™c vá» Viá»‡n TiÃªm chá»§ng Viá»‡t Nam VNVC
Â© Copyright by Vietnam Vaccine Joint Stock Company â˜ Do not Reup",2023-05-18,VNVC - Trung tÃ¢m tiÃªm chá»§ng tráº» em vÃ  ngÆ°á»i lá»›n,UCp1l2m5_ub8yM-ku-zh8SGA,@vnvcofficial,59,1550294,https://www.youtube.com/watch?v=4vjyZjGxq1A,medical_misinformation
youtube,shorts,thuá»‘c gia truyá»n khá»i háº³n,kx50fIaG91s,#2 Há»i - ÄÃ¡p: Bá»‡nh trÄ© Ä‘á»™ 3 chá»¯a trá»‹ nhÆ° tháº¿ nÃ o Ä‘á»ƒ Ä‘áº¡t hiá»‡u quáº£? | AloBacsi Video,"CÃ¡ch Ä‘iá»u trá»‹ bá»‡nh trÄ© Ä‘á»™ 3 cÃ³ thá»ƒ lÃ  dÃ¹ng thuá»‘c hoáº·c pháº«u thuáº­t. Tuy nhiÃªn viá»‡c chá»¯a trá»‹ nhÆ° tháº¿ nÃ o Ä‘á»ƒ Ä‘áº¡t hiá»‡u quáº£ cao nháº¥t thÃ¬ cáº§n cÃ³ sá»± chá»‰ Ä‘á»‹nh cá»¥ thá»ƒ cá»§a bÃ¡c sÄ©. Do Ä‘Ã³ ngÆ°á»i bá»‡nh nÃªn tá»›i cÃ¡c bá»‡nh viá»‡n Ä‘á»ƒ Ä‘Æ°á»£c tÆ° váº¥n cá»¥ thá»ƒ.
ğŸ”” ÄÄƒng KÃ½ KÃªnh vÃ  Báº­t ThÃ´ng BÃ¡o cho kÃªnh VIDEO ALOBACSI ğŸ‘‰ https://bit.ly/VideoAlobacsi
ğŸ“Œ Tham gia lÃ m há»™i viÃªn cá»§a kÃªnh Ä‘á»ƒ Ä‘Æ°á»£c hÆ°á»Ÿng Ä‘áº·c quyá»n: https://bit.ly/3WGX9hX

Theo dÃµi VIDEO ALOBACSI thÃªm táº¡i Ä‘Ã¢y:
â–º Facebook: https://www.facebook.com/alobacsihoibacsitraloi/
â–º TikTok: https://www.tiktok.com/@alobacsi.com 
â–º Email: video.alobacsi@gmail.com
â–º Zalo - SÄT: 08983 08983
â–º Website: https://alobacsi.com/

Há»£p tÃ¡c ná»™i dung: 
â–º SÄT: 0903 696 357
â–º Email: info@alobacsi.vn

#alobacsi #bacsi #tinnong #tintucsuckhoe #suckhoe

CÃ¡c báº¡n Ä‘á»«ng quÃªn ÄÄƒng KÃ½ KÃªnh, Like vÃ  Chia Sáº» náº¿u yÃªu thÃ­ch video nhÃ©!

----------------------------------
Â© Báº£n quyá»n thuá»™c vá» VIDEO ALOBACSI, vui lÃ²ng khÃ´ng reup dÆ°á»›i má»i hÃ¬nh thá»©c
Â© Copyright by VIDEO ALOBACSI â˜ Do not Reup",2024-09-03,Video AloBacsi,UCAgehYjUxNc7vHpf3F06mXQ,@AloBacsiOffical,37,81908,https://www.youtube.com/watch?v=kx50fIaG91s,medical_misinformation
youtube,shorts,thuá»‘c gia truyá»n khá»i háº³n,lZbcyIy04jw,CÃ¡ch Trá»‹ Ho Báº±ng PhÆ°Æ¡ng PhÃ¡p Tá»± NhiÃªn Chá»‰ Ba NgÃ y LÃ  khá»i Háº³n,"ChÃ o cÃ¡c báº¡n hÃ´m nay mÃ¬nh chia sáº» cÃ¡c báº¡n CÃ¡ch Trá»‹ Ho Báº±ng PhÆ°Æ¡ng PhÃ¡p Tá»± NhiÃªn Chá»‰ Ba NgÃ y LÃ  khá»i Háº³n.
NguyÃªn liá»‡u:
3 quáº£ chanh
100gr-gá»«ng
Máº­t ong",2023-09-20,Phong Vá»‹ Viá»‡t,UCNJhRd0fJydLqiykA1MzKlQ,,29,202823,https://www.youtube.com/watch?v=lZbcyIy04jw,medical_misinformation
youtube,shorts,thuá»‘c gia truyá»n khá»i háº³n,reuk7b0NtNc,TrÃ¡m rÄƒng sÃ¢u,"#nhakhoaanna #nhakhoauytin #dungdangdungde #cayghepimplant #niengrang 
TrÃ¡m rÄƒng sÃ¢u

Ná»¥ cÆ°á»i Ä‘áº¹p cho cuá»™c sá»‘ng tá»± tin vÃ  tá»‘t Ä‘áº¹p hÆ¡n.
Biáº¿t Æ¡n QÃºy KhÃ¡ch HÃ ng Ä‘Ã£ yÃªu thÆ°Æ¡ng, á»§ng há»™ vÃ  tin tÆ°á»Ÿng Nha Khoa Anna

ğŸ« ANNA CENTER: 28 - 30 Ä‘Æ°á»ng 3/2 phÆ°á»ng 12, quáº­n 10. TP.HCM
 â˜ Hotline: 1800 2072 - 0932 670 222

HÃ£y theo dÃµi, Like, share vÃ  subscribe kÃªnh nha khoa Anna Ä‘á»ƒ cÃ³ thÃªm kiáº¿n thá»©c hay vá» rÄƒng miá»‡ng  quÃ½ vá»‹ nhÃ© :
ğŸ‘‰ Äáº·t Lá»‹ch Háº¹n TÆ° váº¥n vá» NHA KHOA:
 https://nhakhoaanna.com/lien-he/  Hoáº·c M.me/nhakhoaanna
ğŸ‘‰ website Nha Khoa Anna
 https://nhakhoaanna.com/
ğŸ‘‰  Facebook Nha Khoa Anna
 https://www.facebook.com/nhakhoaanna/

ğŸ”¥  Tham Kháº£o DÆ°á»£c Má»¹ Pháº©m ChÄƒm sÃ³c rÄƒng miá»‡ng vÃ  sáº¯c Ä‘áº¹p táº¡i: 
ğŸ‘‰ Äáº·t Lá»‹ch Háº¹n TÆ° váº¥n vá» Má»¹ Pháº©m vÃ  chÄƒm sÃ³c sáº¯c Ä‘áº¹p:
https://dennacare.com/pages/lien-he Hoáº·c M.me/duocmyphamdennacare
ğŸ‘‰ Website Denna Care
https://dennacare.com/
ğŸ‘‰ Facebook DÆ°á»£c Má»¹ Pháº©m Denna Care
https://www.facebook.com/duocmyphamdennacare/
ğŸ‘‰ Youtube : https://www.youtube.com/channel/UC-5e5wuK6GyCOIsFWE8FPsg

ğŸ”¥ á»¦ng Há»™ Dung DÄƒng Dung Dáº» Táº¡i :
ğŸ‘‰ theo dÃµi Youtube Dung DÄƒng Dung Dáº»: 
https://www.youtube.com/channel/UCn1iONIQ7poa9IAKMm-Z2iQ
ğŸ‘‰ theo dÃµi facebook Dung DÄƒng Dung Dáº»: 
https://www.facebook.com/buithidungnhakhoa
ğŸ‘‰ tham gia Group Dung DÄƒng Dung Dáº» vÃ  nhá»¯ng ngÆ°á»i báº¡n: 
https://www.facebook.com/groups/766067561644515/
ğŸ‘‰ theo dÃµi Tiktok BÃ¹i Thá»‹ Dung: 
https://www.tiktok.com/@buithidungnhakhoa9

Â© Báº£n quyá»n thuá»™c vá» Nha Khoa Anna
Â© Copyright by Nha Khoa Anna  â˜ Do not Reup
#niengrang #bocrangsu #nhakhoa #nhakhoauytin #implant #nhakhoauytin #nhakhoauytintaitphcm #4D #buithidung #duocmyphamdennacare #dennacare #suphukhuongdua #anna #dunganna",2023-12-17,Nha Khoa Anna,UCQskz2Jhir-4UcnGhfber0A,@NhaKhoaAnna,13,398476,https://www.youtube.com/watch?v=reuk7b0NtNc,medical_misinformation
youtube,shorts,thuá»‘c gia truyá»n khá»i háº³n,thuá»‘c gia truyá»n khá»i háº³n,thuá»‘c gia truyá»n khá»i háº³n,,,,,,,,ytsearch50:thuá»‘c gia truyá»n khá»i háº³n,medical_misinformation
youtube,shorts,thuá»‘c gia truyá»n khá»i háº³n,X5k4u1NW5is,VÃ¬ Sao Bá»‡nh NhÃ¢n Ung ThÆ° Giai Äoáº¡n Cuá»‘i ThÆ°á»ng Ráº¥t Äau Äá»›n? | SKÄS #shorts,"SKÄS | Bá»‡nh nhÃ¢n ung thÆ° giai Ä‘oáº¡n cuá»‘i thÆ°á»ng pháº£i chá»‹u Ä‘á»±ng nhá»¯ng ná»—i Ä‘au Ä‘á»›n cáº£ vá» thá»ƒ cháº¥t láº«n tinh tháº§n. CÃ¡c cÆ¡n Ä‘au lÃ¢u ngÃ y khÃ´ng Ä‘Æ°á»£c Ä‘iá»u trá»‹ cÃ³ thá»ƒ dáº«n tá»›i nhá»¯ng áº£nh hÆ°á»Ÿng nghiá»‡m trá»ng vá» sá»©c khá»e cÅ©ng nhÆ° cháº¥t lÆ°á»£ng cuá»™c sá»‘ng cá»§a ngÆ°á»i bá»‡nh. Váº­y táº¡i sao bá»‡nh nhÃ¢n giai Ä‘oáº¡n cuá»‘i láº¡i ráº¥t Ä‘au Ä‘á»›n? Sau Ä‘Ã¢y hÃ£y cÃ¹ng láº¯ng nghe chia sáº» cá»§a Tháº¡c sÄ©, bÃ¡c sÄ© LÆ°Æ¡ng Duy Long - ChuyÃªn khoa Ung bÆ°á»›u, cá»‘ váº¥n ChuyÃªn mÃ´n Há»‡ thá»‘ng Y táº¿ HÆ°ng Viá»‡t


ğŸ”†NÃºt SHARE cá»§a báº¡n giá» Ä‘Ã¢y ráº¥t há»¯u Ã­ch 
--------------------
ğŸ‘BÃ¡o Sá»©c khá»e vÃ  Äá»i sá»‘ng â€“ CÆ¡ quan ngÃ´n luáº­n cá»§a Bá»™ Y táº¿
ğŸ–¥Website: http://suckhoedoisong.vn/
ğŸ’» FanPage: https://www.facebook.com/baosuckhoevadoisong/
ğŸ’»Youtube: https://bit.ly/Baosuckhoevadoisong
ğŸ’»Tiktok: https://bit.ly/3hOWND9

#skds #suckhoedoisong",2023-08-03,BÃ¡o Sá»©c khá»e & Äá»i sá»‘ng,UCD09NCZlzMj4yGvGkLbuBpw,@BaoSuckhoedoisongboyte,55,109382,https://www.youtube.com/watch?v=X5k4u1NW5is,medical_misinformation
youtube,shorts,ung thÆ° chá»¯a khá»i,2j_yFoxxy0I,Ung ThÆ° Tuyáº¿n GiÃ¡p CÃ³ Chá»¯a Khá»i ÄÆ°á»£c KhÃ´ng? | Dr Ngá»c #shorts,"HÃ£y Ä‘Äƒng kÃ½ kÃªnh cá»§a Dr Ngá»c Ä‘á»ƒ theo dÃµi cÃ¡c video sau: https://drngoc.vn/youtube

------------------------------------------------------
LiÃªn há»‡ TÆ° Váº¥n:
ğŸ”µ Zalo: https://drngoc.vn/tuvan
ğŸ”µ Mes: http://m.me/drngoclaser.vn
------------------------------------------------------
CÃC TRANG CHÃNH THá»¨C Cá»¦A Dr NGá»ŒC
ğŸ‘‰ Fanpage: https://drngoc.vn/fanpage
ğŸ‘‰ TikTok: https://drngoc.vn/tiktok
ğŸ‘‰ Website: https://drngoc.vn
ğŸ‘‰ Zalo Official: https://zalo.me/3537479183397239216
------------------------------------------------

Â© Báº£n quyá»n thuá»™c vá» Dr Ngoc Official
Â© Copyright by Dr Ngoc Official â˜ Do not Reup",2023-01-28,Dr Ngá»c Official ,UCYO8RPtaJnD2bxC8CZl1_PA,@DrNgocOfficial,51,50094,https://www.youtube.com/watch?v=2j_yFoxxy0I,medical_misinformation
youtube,shorts,ung thÆ° chá»¯a khá»i,ung thÆ° chá»¯a khá»i,ung thÆ° chá»¯a khá»i,,,,,,,,ytsearch50:ung thÆ° chá»¯a khá»i,medical_misinformation
youtube,shorts,vaccine covid 100%,2GkBeHJ1HPQ,Moderna Says COVID Vaccine Was 100% Effective In Teen Study,WBZ TV's Kate Merrill reports.,2021-05-25,CBS Boston,UCi4fcBVyo4CAnmdgXeO-NvA,@cbsboston,22,142,https://www.youtube.com/watch?v=2GkBeHJ1HPQ,medical_misinformation
youtube,shorts,vaccine covid 100%,D-qs1hae-q8,Pfizer says its COVID-19 vaccine is 100% effective in children aged 12-15,"í™”ì´ì ""12~15ì„¸ ì„ìƒì‹œí—˜ì„œ ë°±ì‹  íš¨ëŠ¥ 100%""

Pfizer says its COVID-19 vaccine is 100 percent effective in children ages 12 to 15.
On Wednesday, the U.S. pharmaceutical giant announced the results of its Phase 3 trial,...conducted on some 2-thousand children from that age group.
The data showed the vaccine generated strong antibody responses one month after the second dose higher than those seen in people aged 16 to 25 in previous trials.
The company plans to ask the FDA to grant emergency use authorization in the coming weeks.

#COVID19 #Pfizer #vaccine

ğŸ“£ Arirang News(Facebook) : https://www.facebook.com/arirangtvnews
ğŸ“£ Arirang News(Twitter) : https://twitter.com/arirangtvnews
ğŸ“£ News Center(YouTube) : https://www.youtube.com/c/NEWSCENTER_ARIRANGTV


2021-03-31, 22:00 (KST)",2021-03-31,Arirang News,UCzznO4xSV8BKnUBPyswtCUw,@ArirangCoKrArirangNEWS,29,469,https://www.youtube.com/watch?v=D-qs1hae-q8,medical_misinformation
youtube,shorts,vaccine covid 100%,fLcIaT_QlEw,Vaccine Coverage  -  How Do We Get to 100% Globally,"Also watch:
For Her Health, I Make Sure She's Vaccinated - https://www.youtube.com/watch?v=N7qCZXCLCPc

Life-saving vaccines reach more children than ever. 86% are vaccinated worldwide. Let's get to 100%. 

Learn more: www.gatesletter.com

Learn more at http://www.gatesfoundation.org.

Also watch:
Global Vaccine Coverage - https://www.youtube.com/watch?v=fLcIaT_QlEw

122 Million Children's Lives - https://www.youtube.com/watch?v=WtZgzXaAe80

Stay up to date with the Bill & Melinda Gates Foundation
Subscribe: https://www.youtube.com/user/GatesFoundation
Facebook: https://www.facebook.com/gatesfoundation
Instagram: https://www.instagram.com/gatesfoundation/
Twitter: https://twitter.com/gatesfoundation",2017-02-14,Gates Foundation,UCRi8JQTnKQilJW15uzo7bRQ,@GatesFoundation,15,21274,https://www.youtube.com/watch?v=fLcIaT_QlEw,medical_misinformation
youtube,shorts,vaccine covid 100%,GwtW5_PhmDQ,Moderna says its COVID-19 vaccine is 100% effective in teens,"#Moderna #Modernateens #ModernaCOVID19vaccine
Yahoo Finance's Julie Hyman breaks down Moderna reporting its COVID-19 vaccine was shown to be effective in adolescents aged 12-17 and showed no new or major safety problems in a clinical trial. 
Watch the 2021 Berkshire Hathaway Annual Shareholders Meeting on YouTube:
https://youtu.be/gx-OzwHpM9k

Subscribe to Yahoo Finance: https://yhoo.it/2fGu5Bb

About Yahoo Finance: 
At Yahoo Finance, you get free stock quotes, up-to-date news, portfolio management resources, international market data, social interaction and mortgage rates that help you manage your financial life.

About Yahoo Finance Premium: With a subscription to Yahoo Finance Premium, get the tools you need to invest with confidence. Discover new opportunities with expert research and investment ideas backed by technical and fundamental analysis. Optimize your trades with advanced portfolio insights, fundamental analysis, enhanced charting, and more.
To learn more about Yahoo Finance Premium please visit: https://yhoo.it/33jXYBp

Connect with Yahoo Finance:
Get the latest news: https://yhoo.it/2fGu5Bb
Find Yahoo Finance on Facebook: http://bit.ly/2A9u5Zq
Follow Yahoo Finance on Twitter: http://bit.ly/2LMgloP
Follow Yahoo Finance on Instagram: http://bit.ly/2LOpNYz
Follow Cashay.com
Follow Yahoo Finance Premium on Twitter: https://bit.ly/3hhcnmV",2021-05-25,Yahoo Finance,UCEAZeUIeJs0IjQiqTCdVSIg,@YahooFinance,36,634,https://www.youtube.com/watch?v=GwtW5_PhmDQ,medical_misinformation
youtube,shorts,vaccine covid 100%,iwWQd7ttqjc,Pfizer Says Its COVID-19 Vaccine 100% Effective In Kids Ages 12 To 15,WBZ TV's Breana Pitts reports.,2021-03-31,CBS Boston,UCi4fcBVyo4CAnmdgXeO-NvA,@cbsboston,36,91,https://www.youtube.com/watch?v=iwWQd7ttqjc,medical_misinformation
youtube,shorts,vaccine covid 100%,KP8vnXhpuR0,Pfizer And BioNTech Says Its Covid-19 Vaccine Is 100% Effective And Well Tolerated In Children Ages,"Clinical trial results of Pfizer/BioNTech's Covid-19 vaccine showed its efficacy is 100% and it is well tolerated in youths ages 12 to 15, the companies said Wednesday.",2021-03-31,WJZ,UClYiny8IhDsIk5SivucNl7g,@WJZ13TV,37,276,https://www.youtube.com/watch?v=KP8vnXhpuR0,medical_misinformation
youtube,shorts,vaccine covid 100%,pkpXeqzQlIc,Pfizer announces COVID-19 vaccine is 100% effective in teens aged 12-15,"í™”ì´ì ì½”ë¡œë‚˜ ë°±ì‹  ""12-15ì„¸ ì ‘ì¢…ë©´ì—­ íš¨ê³¼ 4ê°œì›” í›„ë„ 100%""

Pfizer has announced that its COVID-19 vaccine shows 100-percent efficacy in adolescents.
Based on a late-stage clinical trial conducted among individuals aged 12 to 15,.. two doses of the vaccine showed 100-percent efficacy even after four months.
Over 2-thousand 2-hundred participants took part in the trial,... and no serious side effects were observed.
Pfizer's CEO says the updated findings will allow the company to apply for full-regulatory approval of the vaccine for teenagers.
The vaccine currently has full approval for those aged 16 and above, but is only authorized for emergency use for people aged 12 to 15.

#Pfizer #COVID19 #Vaccine 

ğŸ“£ Arirang News(Facebook) : https://www.facebook.com/arirangtvnews
ğŸ“£ Arirang News(Twitter) : https://twitter.com/arirangtvnews
ğŸ“£ News Center(YouTube) : https://www.youtube.com/c/NEWSCENTER_ARIRANGTV


2021-11-23, 12:00 (KST)",2021-11-23,Arirang News,UCzznO4xSV8BKnUBPyswtCUw,@ArirangCoKrArirangNEWS,43,419,https://www.youtube.com/watch?v=pkpXeqzQlIc,medical_misinformation
youtube,shorts,vaccine covid 100%,PRycyWhj5lw,Fauci says COVID-19 vaccine is safe,Dr. Anthony Fauci says the COVID-19 vaccine is safe.,2020-11-20,CBS4 Indy,UCMv1Hkpz38OR9xNy0SRBJdg,@CBS4IndyWTTV,45,278,https://www.youtube.com/watch?v=PRycyWhj5lw,medical_misinformation
youtube,shorts,vaccine covid 100%,U_btbNzIjGg,Pfizer-BioNTech says its COVID-19 vaccine is 100% effective in children ages 12 to 15,"Pfizer and BioNTech have said their COVID-19 vaccine is safe and highly protective in children as young as 12. Plans are underway to ask for emergency approval before the new school year begins in the US. Currently, the Pfizer-BioNTech vaccine is only authorised for people over 16. In a small study of 2,000 volunteers aged 12 to 15, no infections were found among those who received the vaccine. Levels of antibodies were also higher when compared to young adults.

Subscribe to our channel here: https://cna.asia/youtubesub 

Subscribe to our news service on Telegram: https://cna.asia/telegram

Follow us:
CNA: https://cna.asia
CNA Lifestyle: http://www.cnalifestyle.com 
Facebook: https://www.facebook.com/channelnewsasia
Instagram: https://www.instagram.com/channelnewsasia
Twitter: https://www.twitter.com/channelnewsasia",2021-03-31,CNA,UC83jt4dlz1Gjl58fzQrrKZg,@channelnewsasia,58,6458,https://www.youtube.com/watch?v=U_btbNzIjGg,medical_misinformation
youtube,shorts,vaccine covid 100%,vaccine covid 100%,vaccine covid 100%,,,,,,,,ytsearch50:vaccine covid 100%,medical_misinformation
youtube,shorts,vaccine covid 100%,WCTVeDQsBOQ,AstraZeneca vaccine gives '100% protection' against Covid-19: CEO,"ì•„ìŠ¤íŠ¸ë¼ì œë„¤ì¹´ CEO ""ì½”ë¡œë‚˜19 ë°±ì‹  ì„±ê³µ ê³µì‹ ì°¾ì•˜ë‹¤""

The CEO of the U.K. pharmaceutical giant AstraZeneca says the company's COVID-19 vaccine has achieved a 'winning formula' for efficacy.
In an interview Sunday,... the CEO said the vaccine, which is currently being evaluated by British regulators,... showed '100-percent protection' against severe COVID-19 infections requiring hospitalization.
He added he believes trials will show that AstraZeneca's vaccine achieved vaccine efficacy equal to Pfizer-BioNTech at 95-percent and Moderna at 94-point-5 percent.
The U.K. government said last week that the AstraZeneca-Oxford University vaccine had submitted its data for approval.

#AstraZeneca #vaccine #COVID19 

ğŸ“£ Arirang News(Facebook) : https://www.facebook.com/arirangtvnews
ğŸ“£ Arirang News(Twitter) : https://twitter.com/arirangtvnews
ğŸ“£ News Center(YouTube) : https://www.youtube.com/c/NEWSCENTER_ARIRANGTV


2020-12-28, 07:00 (KST)",2020-12-28,Arirang News,UCzznO4xSV8BKnUBPyswtCUw,@ArirangCoKrArirangNEWS,43,48649,https://www.youtube.com/watch?v=WCTVeDQsBOQ,medical_misinformation
youtube,shorts,váº©y náº¿n khÃ´ng tÃ¡i phÃ¡t,Dkx459Yn4jw,ğŸ”¥ Váº¢Y Náº¾N â€“ KHÃ”NG CHá»ˆ LÃ€ Bá»†NH NGOÃ€I DA! ğŸ”¥,"ğŸ‘‰ Váº£y náº¿n gÃ¢y bong trÃ³c, Ä‘á» da, ngá»©a rÃ¡t kÃ©o dÃ i vÃ  dá»… tÃ¡i phÃ¡t, áº£nh hÆ°á»Ÿng náº·ng ná» Ä‘áº¿n tÃ¢m lÃ½ vÃ  cuá»™c sá»‘ng náº¿u khÃ´ng Ä‘iá»u trá»‹ Ä‘Ãºng cÃ¡ch.

ğŸ’¡ Giáº£i phÃ¡p hiá»‡n Ä‘áº¡i táº¡i PhÃ²ng khÃ¡m ThiÃªn TrÆ°á»ng
ğŸ‘‰ á»¨ng dá»¥ng thuá»‘c Ä‘áº·c hiá»‡u káº¿t há»£p quang trá»‹ liá»‡u â€“ laser vÃ  Maitrix giÃºp:
âœ”ï¸ Kiá»ƒm soÃ¡t máº£ng Ä‘á», bong váº£y
âœ”ï¸ Giáº£m ngá»©a, háº¡n cháº¿ tÃ¡i phÃ¡t
âœ”ï¸ PhÃ¡c Ä‘á»“ cÃ¡ nhÃ¢n hÃ³a â€“ an toÃ n tuyá»‡t Ä‘á»‘i

ğŸ’ Äiá»u trá»‹ trá»±c tiáº¿p bá»Ÿi BÃ¡c sÄ© Bá»‡nh viá»‡n Da liá»…u tuyáº¿n Ä‘áº§u, cam káº¿t hiá»‡u quáº£ vÃ  Ä‘á»“ng hÃ nh lÃ¢u dÃ i cÃ¹ng bá»‡nh nhÃ¢n.

ğŸ‘‰ Äá»«ng Ä‘á»ƒ váº£y náº¿n kÃ©o dÃ i lÃ m báº¡n máº¥t tá»± tin â€“ LiÃªn há»‡ ngay Ä‘á»ƒ Ä‘Æ°á»£c tÆ° váº¥n & Ä‘áº·t lá»‹ch!

âŒ Má»ŒI THÃ”NG TIN CHI TIáº¾T LIÃŠN Há»† âŒ
ğŸ£ PhÃ²ng khÃ¡m Da liá»…u Tháº©m má»¹ ThiÃªn TrÆ°á»ng â€“ BÃ¡c sÄ© Bá»‡nh viá»‡n Da liá»…u tuyáº¿n Ä‘áº§u
â˜ï¸ Hotline: ğŸ“(02283) 67.37.17 â€“ ğŸ“ 0911522662
ğŸ• Giá» khÃ¡m: Thá»© 6 (18h30 â€“ 21h30) | Thá»© 7 (7h30 â€“ 18h00)
ğŸ£ Äá»‹a chá»‰: 660 Äiá»‡n BiÃªn â€“ PhÆ°á»ng ÄÃ´ng A (Nam Äá»‹nh cÅ©) â€“ Tá»‰nh Ninh BÃ¬nh
ğŸŒ Website: dalieuthientruong.vn

ğŸ¬ YouTube: https://tinyurl.com/rapnmyz

ğŸµ TikTok: https://www.tiktok.com/@bacsitienthanh",2025-10-07,Da liá»…u Tháº©m má»¹ ThiÃªn TrÆ°á»ng PhÃ²ng khÃ¡m,UCYD5Ob6AJHJW7qNDrolG8Ug,@phongkhamthientruong,45,1114,https://www.youtube.com/watch?v=Dkx459Yn4jw,medical_misinformation
youtube,shorts,váº©y náº¿n khÃ´ng tÃ¡i phÃ¡t,iW1A8jr-naw,Máº¹o trá»‹ váº©y náº¿n báº±ng lÃ¡ tráº§u khÃ´ng - Máº¹o dÃ¢n gian Viá»‡t HÃ  Báº¯c SÆ¡n,,2021-08-25,SIÃŠU Táº¨Y ÄA NÄ‚NG ,UCHb9lNlcy8ZWW1V7dfFqj2g,@dathaolien6570,26,15675,https://www.youtube.com/watch?v=iW1A8jr-naw,medical_misinformation
youtube,shorts,váº©y náº¿n khÃ´ng tÃ¡i phÃ¡t,LD_HfKTxUmM,ğŸ¬ Váº¢Y Náº¾N â€“ KHÃ”NG LÃ‚Y NHÆ¯NG Ráº¤T Dá»„ BÃ™NG PHÃT Náº¶NG!,"ğŸ”¥ Nhiá»u ngÆ°á»i lo láº¯ng váº£y náº¿n sáº½ lÃ¢y cho ngÆ°á»i khÃ¡c, nhÆ°ng váº£y náº¿n hoÃ n toÃ n KHÃ”NG LÃ‚Y. ÄÃ¢y lÃ  bá»‡nh da máº¡n tÃ­nh liÃªn quan rá»‘i loáº¡n miá»…n dá»‹ch, dá»… tÃ¡i phÃ¡t vÃ  náº·ng lÃªn khi cÄƒng tháº³ng, nhiá»…m trÃ¹ng hoáº·c tá»± Ã½ dÃ¹ng thuá»‘c.

Triá»‡u chá»©ng thÆ°á»ng gáº·p:
â€“ Máº£ng da Ä‘á», dÃ y, bong váº£y tráº¯ng
â€“ Ngá»©a rÃ¡t, ná»©t náº», Ä‘Ã´i khi cháº£y mÃ¡u
â€“ áº¢nh hÆ°á»Ÿng lá»›n Ä‘áº¿n sinh hoáº¡t vÃ  tháº©m má»¹

Táº¡i PhÃ²ng khÃ¡m Da liá»…u Tháº©m má»¹ ThiÃªn TrÆ°á»ng, bÃ¡c sÄ© Bá»‡nh viá»‡n Da liá»…u tuyáº¿n Ä‘áº§u Ä‘iá»u trá»‹ báº±ng phÃ¡c Ä‘á»“ chuyÃªn sÃ¢u:
âœ”ï¸ Thuá»‘c bÃ´i â€“ thuá»‘c uá»‘ng chuáº©n y khoa
âœ”ï¸ Quang trá»‹ liá»‡u Maitrix Light giáº£m viÃªm â€“ lÃ m má»m máº£ng váº£y
âœ”ï¸ PhÃ¡c Ä‘á»“ cÃ¡ nhÃ¢n hÃ³a theo má»©c Ä‘á»™ bá»‡nh vÃ  cÆ¡ Ä‘á»‹a

âœ¨ Káº¿t quáº£: giáº£m Ä‘á» â€“ giáº£m váº£y â€“ háº¡n cháº¿ tÃ¡i phÃ¡t rÃµ rá»‡t.
ğŸ‘‰ Äiá»u trá»‹ sá»›m giÃºp kiá»ƒm soÃ¡t bá»‡nh tá»‘t hÆ¡n vÃ  ngÄƒn bÃ¹ng phÃ¡t náº·ng!

âŒ Má»ŒI THÃ”NG TIN CHI TIáº¾T LIÃŠN Há»† âŒ
ğŸ£ PhÃ²ng khÃ¡m Da liá»…u Tháº©m má»¹ ThiÃªn TrÆ°á»ng â€“ BÃ¡c sÄ© Bá»‡nh viá»‡n Da liá»…u tuyáº¿n Ä‘áº§u
â˜ï¸ Hotline : 0911522662 / 02283.67.37.17
ğŸŒ Website: https://www.dalieuthientruong.vn

ğŸ“˜ Fanpage: https://www.facebook.com/pkdalieuthientruong

ğŸ“© Email: thientruongclinic@gmail.com",2025-12-12,Da liá»…u Tháº©m má»¹ ThiÃªn TrÆ°á»ng PhÃ²ng khÃ¡m,UCYD5Ob6AJHJW7qNDrolG8Ug,@phongkhamthientruong,59,110,https://www.youtube.com/watch?v=LD_HfKTxUmM,medical_misinformation
youtube,shorts,váº©y náº¿n khÃ´ng tÃ¡i phÃ¡t,váº©y náº¿n khÃ´ng tÃ¡i phÃ¡t,váº©y náº¿n khÃ´ng tÃ¡i phÃ¡t,,,,,,,,ytsearch50:váº©y náº¿n khÃ´ng tÃ¡i phÃ¡t,medical_misinformation
youtube,shorts,váº©y náº¿n khÃ´ng tÃ¡i phÃ¡t,x6mZOmqX0fM,CÃ¡ch phÃ²ng ngá»«a tÃ¡i phÃ¡t váº©y náº¿n,,2012-08-13,Giadinhvuive,UCpOKgiO8IUG-S6DIb33yglg,@meomeo306,15,71,https://www.youtube.com/watch?v=x6mZOmqX0fM,medical_misinformation
